Symbol,Date,Open,High,Low,Close
CIT,2022-03-29,3140.00,3147.00,3100.00,3104.00
CIT,2022-03-28,3150.00,3170.00,3100.00,3120.00
CIT,2022-03-27,3165.00,3190.00,3141.00,3146.00
CIT,2022-03-24,3200.00,3248.90,3170.00,3170.00
CIT,2022-03-23,3269.00,3297.00,3230.00,3235.00
CIT,2022-03-22,3220.00,3290.00,3220.00,3269.00
CIT,2022-03-21,3195.00,3240.00,3180.00,3220.00
CIT,2022-03-20,3220.00,3225.00,3172.00,3190.00
CIT,2022-03-16,3157.00,3190.00,3111.00,3168.00
CIT,2022-03-15,3196.00,3196.00,3125.00,3157.00
CIT,2022-03-14,3182.00,3190.00,3105.00,3160.00
CIT,2022-03-13,3087.00,3180.00,3055.00,3160.00
CIT,2022-03-10,2948.00,3030.00,2915.00,3028.00
CIT,2022-03-09,2969.00,3000.00,2930.00,2948.90
CIT,2022-03-07,3000.00,3014.00,2950.00,2969.00
CIT,2022-03-06,2990.00,3040.00,2950.00,2983.00
CIT,2022-03-02,3050.00,3050.00,2980.00,2990.00
CIT,2022-02-28,3125.00,3130.00,3029.00,3038.00
CIT,2022-02-27,3150.00,3150.00,3075.00,3090.00
CIT,2022-02-24,3160.00,3190.00,3100.00,3103.00
CIT,2022-02-23,3222.00,3222.00,3171.00,3188.10
CIT,2022-02-22,3190.00,3225.00,3180.00,3190.00
CIT,2022-02-21,3150.00,3190.00,3150.00,3190.00
CIT,2022-02-20,3157.00,3213.00,3092.90,3150.00
CIT,2022-02-17,3220.00,3245.00,3207.00,3220.00
CIT,2022-02-16,3235.00,3269.00,3205.00,3207.00
CIT,2022-02-15,3205.00,3249.90,3195.10,3235.00
CIT,2022-02-14,3200.00,3245.00,3182.00,3210.00
CIT,2022-02-13,3255.00,3255.00,3189.00,3200.00
CIT,2022-02-10,3280.00,3370.00,3280.00,3319.90
CIT,2022-02-09,3306.10,3375.00,3278.00,3333.00
CIT,2022-02-08,3417.20,3430.00,3323.00,3335.00
CIT,2022-02-07,3298.00,3400.00,3298.00,3350.20
CIT,2022-02-06,3390.00,3415.00,3355.00,3365.00
CIT,2022-02-03,3484.00,3484.00,3400.00,3410.00
CIT,2022-02-01,3360.00,3435.00,3353.00,3416.00
CIT,2022-01-31,3400.10,3465.00,3395.00,3398.00
CIT,2022-01-30,3377.00,3451.00,3377.00,3439.00
CIT,2022-01-27,3355.00,3359.00,3309.00,3310.80
CIT,2022-01-26,3320.00,3390.00,3300.00,3306.00
CIT,2022-01-25,3380.00,3415.00,3260.00,3380.00
CIT,2022-01-24,3451.00,3455.10,3364.00,3380.00
CIT,2022-01-23,3555.00,3555.00,3458.00,3470.00
CIT,2022-01-20,3451.00,3520.00,3431.00,3495.00
CIT,2022-01-19,3511.00,3524.00,3453.60,3470.20
CIT,2022-01-18,3512.00,3639.90,3485.10,3510.00
CIT,2022-01-17,3608.70,3646.00,3523.00,3575.00
CIT,2022-01-16,3492.40,3599.00,3422.60,3569.00
CIT,2022-01-13,3410.00,3438.00,3371.00,3424.00
CIT,2022-01-12,3400.00,3468.00,3364.00,3380.00
CIT,2022-01-11,3380.00,3419.00,3350.00,3400.00
CIT,2022-01-10,3440.00,3449.90,3360.00,3376.00
CIT,2022-01-09,3355.00,3419.90,3345.00,3409.00
CIT,2022-01-06,3231.00,3375.00,3190.00,3345.00
CIT,2022-01-05,3350.00,3350.00,3241.00,3241.90
CIT,2022-01-04,3350.00,3365.00,3261.00,3330.00
CIT,2022-01-03,3264.00,3339.00,3201.00,3309.90
CIT,2022-01-02,3132.40,3250.00,3071.00,3200.00
CIT,2021-12-29,3140.00,3140.00,3054.00,3071.00
CIT,2021-12-28,3091.00,3200.00,3061.00,3091.10
CIT,2021-12-27,3250.00,3255.00,3113.00,3118.00
CIT,2021-12-26,3081.00,3276.00,3020.00,3240.00
CIT,2021-12-23,3069.00,3075.00,2971.00,3021.00
CIT,2021-12-22,2896.80,3010.00,2875.00,3009.00
CIT,2021-12-21,2800.00,2852.00,2796.00,2840.00
CIT,2021-12-20,2760.00,2825.00,2711.00,2780.00
CIT,2021-12-16,2870.00,2870.00,2755.00,2813.00
CIT,2021-12-15,2907.00,3000.00,2792.00,2865.00
CIT,2021-12-14,2719.00,2850.00,2686.00,2850.00
CIT,2021-12-13,2750.10,2750.10,2625.00,2666.00
CIT,2021-12-12,2888.00,2930.00,2775.10,2778.00
CIT,2021-12-09,2900.00,2909.00,2856.00,2888.00
CIT,2021-12-08,2970.00,2990.00,2870.00,2885.00
CIT,2021-12-07,3095.70,3096.00,2970.00,2975.00
CIT,2021-12-06,2986.00,3044.00,2886.00,3036.00
CIT,2021-12-05,3092.00,3100.20,3028.00,3032.00
CIT,2021-12-02,3168.00,3183.00,3110.00,3125.00
CIT,2021-12-01,3190.00,3200.00,3138.00,3168.00
CIT,2021-11-30,3200.00,3200.00,3150.00,3155.00
CIT,2021-11-29,3149.00,3240.00,3120.00,3162.00
CIT,2021-11-28,3221.00,3277.00,3160.00,3180.00
CIT,2021-11-25,3340.00,3344.90,3214.40,3278.10
CIT,2021-11-24,3310.00,3330.00,3270.00,3315.00
CIT,2021-11-23,3300.00,3350.00,3300.00,3318.00
CIT,2021-11-22,3325.00,3369.00,3325.00,3367.00
CIT,2021-11-21,3355.00,3380.00,3310.10,3328.00
CIT,2021-11-18,3318.00,3390.00,3318.00,3351.10
CIT,2021-11-17,3450.00,3464.00,3381.00,3385.00
CIT,2021-11-16,3345.00,3417.00,3290.00,3415.00
CIT,2021-11-15,3340.00,3350.00,3290.00,3330.00
CIT,2021-11-14,3251.00,3315.00,3250.00,3285.00
CIT,2021-11-11,3349.00,3389.00,3310.00,3310.00
CIT,2021-11-09,3465.00,3465.00,3371.20,3400.00
CIT,2021-11-08,3456.00,3505.00,3456.00,3465.00
CIT,2021-11-03,3534.00,3534.00,3470.00,3485.00
CIT,2021-11-02,3490.00,3490.00,3401.10,3475.00
CIT,2021-11-01,3550.00,3560.00,3479.00,3490.00
CIT,2021-10-31,3490.00,3525.00,3420.00,3496.00
CIT,2021-10-28,3449.00,3481.00,3402.00,3445.00
CIT,2021-10-27,3500.00,3500.00,3400.00,3468.00
CIT,2021-10-26,3380.00,3515.00,3380.00,3456.00
CIT,2021-10-25,3211.00,3366.00,3211.00,3365.00
CIT,2021-10-24,3264.00,3264.00,3232.00,3239.00
CIT,2021-10-21,3270.00,3270.00,3220.00,3238.10
CIT,2021-10-20,3294.60,3320.00,3225.00,3270.00
CIT,2021-10-19,3251.00,3265.00,3200.00,3230.00
CIT,2021-10-18,3307.50,3350.00,3290.00,3300.00
CIT,2021-10-17,3404.00,3404.00,3301.00,3372.00
CIT,2021-10-11,3370.00,3370.00,3300.00,3362.00
CIT,2021-10-10,3355.00,3440.00,3349.00,3352.00
CIT,2021-10-06,3323.00,3365.00,3292.00,3349.00
CIT,2021-10-05,3300.00,3300.00,3245.00,3260.00
CIT,2021-10-04,3257.00,3258.00,3200.00,3239.00
CIT,2021-10-03,3320.00,3345.00,3255.00,3257.00
CIT,2021-09-30,3268.70,3400.00,3268.70,3320.00
CIT,2021-09-29,3295.00,3359.00,3240.00,3335.00
CIT,2021-09-28,3311.00,3399.00,3290.00,3298.00
CIT,2021-09-27,3438.00,3480.00,3370.00,3373.00
CIT,2021-09-26,3510.00,3510.00,3435.00,3438.00
CIT,2021-09-23,3600.00,3600.00,3485.00,3508.00
CIT,2021-09-22,3495.50,3565.00,3450.00,3546.00
CIT,2021-09-21,3360.00,3488.00,3312.40,3427.00
CIT,2021-09-20,3600.90,3600.90,3417.00,3421.00
CIT,2021-09-16,3615.00,3615.00,3525.00,3545.00
CIT,2021-09-15,3721.90,3721.90,3610.00,3615.00
CIT,2021-09-14,3682.00,3720.00,3645.00,3649.00
CIT,2021-09-13,3723.00,3775.00,3661.10,3670.00
CIT,2021-09-12,3629.00,3720.00,3629.00,3690.00
CIT,2021-09-09,3697.00,3697.00,3600.00,3624.00
CIT,2021-09-08,3650.00,3700.00,3617.00,3625.00
CIT,2021-09-07,3840.00,3840.00,3670.00,3710.00
CIT,2021-09-06,3610.00,3799.00,3581.00,3799.00
CIT,2021-09-05,3664.00,3700.00,3560.00,3610.00
CIT,2021-09-02,3800.00,3800.00,3680.00,3698.00
CIT,2021-09-01,3752.00,3860.00,3720.00,3785.00
CIT,2021-08-31,3850.00,3850.00,3722.10,3752.00
CIT,2021-08-29,3960.40,3960.40,3820.00,3823.00
CIT,2021-08-26,3870.00,3910.00,3870.00,3883.00
CIT,2021-08-25,3926.00,3975.00,3870.00,3880.00
CIT,2021-08-24,4000.00,4050.00,3920.00,3926.00
CIT,2021-08-19,4030.00,4090.00,3990.00,4000.00
CIT,2021-08-18,4030.00,4050.00,3980.00,4030.00
CIT,2021-08-17,4082.00,4150.00,4050.00,4060.00
CIT,2021-08-16,4155.00,4155.00,4040.00,4082.00
CIT,2021-08-15,4147.00,4147.00,4018.00,4081.00
CIT,2021-08-12,4172.00,4220.00,4115.00,4147.00
CIT,2021-08-11,4270.00,4270.00,4166.00,4172.00
CIT,2021-08-10,4284.00,4284.00,4150.00,4190.00
CIT,2021-08-09,4300.00,4324.00,4195.00,4200.00
CIT,2021-08-08,4200.00,4300.00,4155.00,4248.00
CIT,2021-08-05,4289.00,4290.00,4172.00,4185.00
CIT,2021-08-04,4399.00,4400.00,4250.00,4254.00
CIT,2021-08-03,4400.00,4560.00,4345.00,4346.00
CIT,2021-08-02,4239.00,4435.00,4200.00,4399.00
CIT,2021-08-01,4050.00,4335.00,3991.00,4180.00
CIT,2021-07-29,4100.00,4125.00,4026.00,4050.00
CIT,2021-07-28,3900.00,4080.00,3900.00,4049.00
CIT,2021-07-27,3700.00,3910.00,3700.00,3855.00
CIT,2021-07-26,3735.00,3745.00,3700.00,3703.00
CIT,2021-07-25,3740.00,3740.00,3685.00,3703.00
CIT,2021-07-22,3770.00,3770.00,3702.00,3702.00
CIT,2021-07-20,3798.00,3798.00,3700.00,3728.40
CIT,2021-07-19,3540.00,3800.00,3512.00,3724.00
CIT,2021-07-18,3510.00,3550.00,3490.00,3500.00
CIT,2021-07-15,3494.00,3510.00,3486.00,3491.00
CIT,2021-07-14,3626.00,3626.00,3450.00,3494.00
CIT,2021-07-13,3500.00,3528.00,3455.00,3455.00
CIT,2021-07-12,3525.00,3590.00,3450.00,3460.00
CIT,2021-07-11,3457.00,3503.00,3450.00,3492.00
CIT,2021-07-08,3459.00,3459.00,3400.00,3435.00
CIT,2021-07-07,3485.00,3485.00,3401.00,3434.00
CIT,2021-07-06,3453.00,3490.00,3450.00,3452.00
CIT,2021-07-05,3460.00,3475.00,3450.00,3453.00
CIT,2021-07-04,3525.00,3528.00,3460.00,3470.00
CIT,2021-07-01,3480.00,3535.00,3448.00,3460.00
CIT,2021-06-30,3500.00,3500.00,3420.00,3432.00
CIT,2021-06-29,3570.00,3570.00,3500.00,3504.00
CIT,2021-06-28,3609.00,3609.00,3535.00,3540.00
CIT,2021-06-27,3600.00,3650.00,3530.00,3550.00
CIT,2021-06-24,3680.00,3695.00,3570.00,3585.00
CIT,2021-06-23,3800.00,3800.00,3676.00,3678.00
CIT,2021-06-22,3900.00,3900.00,3743.00,3785.00
CIT,2021-06-21,4150.00,4220.00,4075.00,4080.00
CIT,2021-06-20,4220.00,4250.00,4100.00,4150.00
CIT,2021-06-17,4200.00,4200.00,4139.00,4183.00
CIT,2021-06-16,4017.00,4215.00,4017.00,4150.00
CIT,2021-06-15,4310.00,4310.00,4060.00,4228.00
CIT,2021-06-14,4092.00,4120.00,4025.00,4107.00
CIT,2021-06-13,4120.00,4170.00,4096.00,4094.00
CIT,2021-06-10,4305.00,4305.00,4090.00,4095.00
CIT,2021-06-09,4101.00,4200.00,4077.00,4103.00
CIT,2021-06-08,4318.00,4318.00,4090.00,4098.00
CIT,2021-06-07,4200.00,4225.00,4101.00,4113.00
CIT,2021-06-06,4024.00,4151.00,3981.00,4112.00
CIT,2021-06-03,4005.00,4050.00,3971.00,3976.00
CIT,2021-06-02,3921.00,3990.00,3911.00,4000.00
CIT,2021-06-01,3950.00,3990.00,3950.00,3921.00
CIT,2021-05-31,4000.00,4050.00,3960.00,3961.00
CIT,2021-05-30,4003.00,4080.00,4000.00,4011.00
CIT,2021-05-27,4000.00,4060.00,3973.00,4003.00
CIT,2021-05-25,4200.00,4200.00,4050.00,4054.00
CIT,2021-05-24,4244.00,4244.00,4081.00,4097.00
CIT,2021-05-23,4095.00,4161.00,3960.00,4090.00
CIT,2021-05-20,4145.00,4186.00,4105.00,4121.00
CIT,2021-05-19,4300.00,4337.00,4125.00,4145.00
CIT,2021-05-18,4100.00,4300.00,4000.00,4239.00
CIT,2021-05-17,3990.00,4009.00,3960.00,3966.00
CIT,2021-05-16,3945.00,4000.00,3923.00,3960.00
CIT,2021-05-13,3925.00,3949.00,3900.00,3903.00
CIT,2021-05-12,3994.00,3997.00,3905.00,3920.00
CIT,2021-05-11,3900.00,3950.00,3900.00,3929.00
CIT,2021-05-10,3829.00,3900.00,3802.00,3855.00
CIT,2021-05-09,3810.00,3878.00,3788.00,3826.00
CIT,2021-05-06,3889.00,3889.00,3822.00,3826.00
CIT,2021-05-05,3900.00,3950.00,3884.00,3886.00
CIT,2021-05-04,3714.00,4000.00,3714.00,3915.00
CIT,2021-05-03,3980.00,4050.00,3901.00,3909.00
CIT,2021-05-02,3900.00,3945.00,3830.00,3910.00
CIT,2021-04-29,4042.00,4042.00,3830.00,3850.00
CIT,2021-04-28,3890.00,3980.00,3775.00,3850.00
CIT,2021-04-27,3701.00,3876.00,3701.00,3870.00
CIT,2021-04-26,3750.00,3825.00,3700.00,3701.00
CIT,2021-04-25,3940.00,3940.00,3797.00,3797.00
CIT,2021-04-22,4086.00,4086.00,3829.00,3886.00
CIT,2021-04-21,4000.00,4000.00,3881.00,3892.00
CIT,2021-04-20,4000.00,4000.00,3845.00,3953.00
CIT,2021-04-19,4090.00,4090.00,3890.00,3994.00
CIT,2021-04-18,4150.00,4150.00,4100.00,4115.00
CIT,2021-04-15,4358.00,4358.00,4150.00,4159.00
CIT,2021-04-13,4184.00,4189.00,4149.00,4151.00
CIT,2021-04-12,4200.00,4200.00,4181.00,4184.00
CIT,2021-04-08,4201.00,4250.00,4180.00,4205.00
CIT,2021-04-07,4300.00,4300.00,4222.00,4231.00
CIT,2021-04-06,4140.00,4300.00,4070.00,4275.00
CIT,2021-04-05,4288.00,4300.00,4175.00,4195.00
CIT,2021-04-04,4363.00,4364.00,4250.00,4288.00
CIT,2021-04-01,4400.00,4410.00,4350.00,4370.00
CIT,2021-03-31,4400.00,4400.00,4350.00,4390.00
CIT,2021-03-30,4362.00,4390.00,4329.00,4360.00
CIT,2021-03-29,4350.00,4400.00,4291.00,4349.00
CIT,2021-03-25,4500.00,4505.00,4360.00,4367.00
CIT,2021-03-24,4390.00,4480.00,4380.00,4420.00
CIT,2021-03-23,4400.00,4400.00,4310.00,4362.00
CIT,2021-03-22,4500.00,4545.00,4400.00,4400.00
CIT,2021-03-21,4464.00,4525.00,4448.00,4499.00
CIT,2021-03-18,4150.00,4386.00,4100.00,4377.00
CIT,2021-03-17,4020.00,4155.00,4020.00,4122.00
CIT,2021-03-16,4051.00,4125.00,3984.00,4060.00
CIT,2021-03-15,4120.00,4202.00,3990.00,4092.00
CIT,2021-03-14,4300.00,4310.00,4099.00,4120.00
CIT,2021-03-10,4385.00,4385.00,4290.00,4295.00
CIT,2021-03-09,4312.00,4375.00,4290.00,4300.00
CIT,2021-03-07,4550.00,4551.00,4370.00,4376.00
CIT,2021-03-04,4370.00,4521.00,4350.00,4495.00
CIT,2021-03-03,4401.00,4520.00,4300.00,4329.00
CIT,2021-03-02,4601.00,4650.00,4420.00,4485.00
CIT,2021-03-01,4580.00,4638.00,4425.00,4600.00
CIT,2021-02-28,4650.00,4691.00,4570.00,4578.00
CIT,2021-02-25,5029.00,5029.00,4635.00,4710.00
CIT,2021-02-24,4750.00,4896.00,4705.00,4790.00
CIT,2021-02-23,4800.00,4800.00,4587.00,4734.00
CIT,2021-02-22,4900.00,4950.00,4781.00,4800.00
CIT,2021-02-21,4800.00,4850.00,4681.00,4799.00
CIT,2021-02-18,4680.00,4719.00,4600.00,4705.00
CIT,2021-02-17,4600.00,4620.00,4570.00,4600.00
CIT,2021-02-16,4850.00,4850.00,4576.00,4619.00
CIT,2021-02-15,4590.00,4750.00,4525.00,4689.00
CIT,2021-02-14,4700.00,4700.00,4460.00,4500.00
CIT,2021-02-11,4750.00,4785.00,4671.00,4678.00
CIT,2021-02-10,4793.00,4795.00,4700.00,4747.00
CIT,2021-02-09,5000.00,5000.00,4778.00,4779.00
CIT,2021-02-08,4910.00,5000.00,4783.00,4910.00
CIT,2021-02-07,4330.00,4677.00,4300.00,4677.00
CIT,2021-02-04,4194.00,4309.00,4150.00,4252.00
CIT,2021-02-03,4250.00,4350.00,4165.00,4195.00
CIT,2021-02-02,4150.00,4229.00,4090.00,4216.00
CIT,2021-02-01,4090.00,4150.00,4060.00,4098.00
CIT,2021-01-31,4170.00,4180.00,4054.00,4058.00
CIT,2021-01-28,4190.00,4225.00,4120.00,4162.00
CIT,2021-01-27,4150.00,4190.00,4085.00,4148.00
CIT,2021-01-26,4377.00,4377.00,4054.00,4162.00
CIT,2021-01-25,3979.00,4169.00,3979.00,4169.00
CIT,2021-01-24,3618.00,3790.00,3510.00,3790.00
CIT,2021-01-21,3460.00,3495.00,3439.00,3446.00
CIT,2021-01-20,3460.00,3460.00,3430.00,3459.00
CIT,2021-01-19,3495.00,3495.00,3450.00,3460.00
CIT,2021-01-18,3460.00,3490.00,3456.00,3483.00
CIT,2021-01-17,3498.00,3498.00,3430.00,3455.00
CIT,2021-01-13,3608.00,3608.00,3440.00,3440.00
CIT,2021-01-12,3494.00,3554.00,3436.00,3441.00
CIT,2021-01-11,3500.00,3570.00,3430.00,3462.00
CIT,2021-01-10,3445.00,3498.00,3445.00,3459.00
CIT,2021-01-07,3340.00,3460.00,3340.00,3400.00
CIT,2021-01-06,3400.00,3410.00,3337.00,3359.00
CIT,2021-01-05,3430.00,3434.00,3380.00,3383.00
CIT,2021-01-04,3570.00,3570.00,3395.00,3415.00
CIT,2021-01-03,3500.00,3500.00,3400.00,3421.00
CIT,2020-12-31,3536.00,3704.00,3296.00,3430.00
CIT,2020-12-30,3215.00,3368.00,3215.00,3368.00
CIT,2020-12-29,2923.00,3062.00,2923.00,3062.00
CIT,2020-12-28,5079.00,5100.00,4997.00,5008.00
CIT,2020-12-27,5300.00,5300.00,5018.00,5029.00
CIT,2020-12-24,5120.00,5165.00,5062.00,5100.00
CIT,2020-12-23,5349.00,5349.00,5090.00,5120.00
CIT,2020-12-22,5259.00,5358.00,5124.00,5271.00
CIT,2020-12-21,5100.00,5300.00,4901.00,5160.00
CIT,2020-12-20,5700.00,5749.00,5096.00,5096.00
CIT,2020-12-17,5235.00,5520.00,5200.00,5480.00
CIT,2020-12-16,5500.00,5500.00,5220.00,5235.00
CIT,2020-12-15,5210.00,5493.00,5210.00,5298.00
CIT,2020-12-14,5015.00,5250.00,4952.00,5179.00
CIT,2020-12-13,4916.00,5000.00,4825.00,4995.00
CIT,2020-12-10,4916.00,4850.00,4750.00,4820.00
CIT,2020-12-09,4960.00,4960.00,4670.00,4748.00
CIT,2020-12-09,4960.00,4960.00,4670.00,4748.00
CIT,2020-12-08,4960.00,4910.00,4720.00,4724.00
CIT,2020-12-07,4601.00,4837.00,4550.00,4784.00
CIT,2020-12-06,4945.00,4945.00,4601.00,4601.00
CIT,2020-12-03,5079.00,5100.00,4875.00,4950.00
CIT,2020-12-02,4770.00,5100.00,4753.00,4980.00
CIT,2020-12-01,4870.00,4870.00,4750.00,4770.00
CIT,2020-11-30,4699.00,4820.00,4620.00,4817.00
CIT,2020-11-29,4750.00,4750.00,4632.00,4650.00
CIT,2020-11-26,4895.00,4895.00,4730.00,4740.00
CIT,2020-11-25,4890.00,4987.00,4780.00,4816.00
CIT,2020-11-24,4695.00,4840.00,4655.00,4799.00
CIT,2020-11-23,4760.00,4760.00,4521.00,4650.00
CIT,2020-11-22,5050.00,5100.00,4600.00,4760.00
CIT,2020-11-19,4800.00,5000.00,4750.00,4955.00
CIT,2020-11-18,4506.00,4794.00,4466.00,4775.00
CIT,2020-11-12,4519.00,4675.00,4434.00,4460.00
CIT,2020-11-11,4189.00,4519.00,4156.00,4519.00
CIT,2020-11-10,4020.00,4109.00,3985.00,4109.00
CIT,2020-11-09,3887.00,4034.00,3862.00,3964.00
CIT,2020-11-08,3760.00,3850.00,3740.00,3840.00
CIT,2020-11-05,3850.00,3850.00,3731.00,3752.00
CIT,2020-11-04,3743.00,3767.00,3720.00,3751.00
CIT,2020-11-03,3755.00,3755.00,3720.00,3722.00
CIT,2020-11-02,3717.00,3735.00,3707.00,3730.00
CIT,2020-11-01,3745.00,3748.00,3700.00,3735.00
CIT,2020-10-29,3750.00,3794.00,3700.00,3719.00
CIT,2020-10-28,3748.00,3765.00,3701.00,3749.00
CIT,2020-10-22,3675.00,3720.00,3669.00,3695.00
CIT,2020-10-21,3640.00,3675.00,3635.00,3675.00
CIT,2020-10-20,3589.00,3620.00,3589.00,3616.00
CIT,2020-10-19,3530.00,3573.00,3530.00,3570.00
CIT,2020-10-18,3431.00,3610.00,3430.00,3531.00
CIT,2020-10-15,3495.00,3496.00,3459.00,3465.00
CIT,2020-10-14,3495.00,3495.00,3457.00,3459.00
CIT,2020-10-13,3498.00,3498.00,3462.00,3470.00
CIT,2020-10-12,3480.00,3485.00,3465.00,3466.00
CIT,2020-10-11,3654.00,3654.00,3450.00,3472.00
CIT,2020-10-08,3500.00,3500.00,3478.00,3480.00
CIT,2020-10-07,3515.00,3515.00,3487.00,3492.00
CIT,2020-10-06,3519.00,3530.00,3495.00,3497.00
CIT,2020-10-05,3520.00,3545.00,3503.00,3505.00
CIT,2020-10-04,3500.00,3535.00,3475.00,3509.00
CIT,2020-10-01,3497.00,3500.00,3465.00,3479.00
CIT,2020-09-30,3450.00,3500.00,3446.00,3469.00
CIT,2020-09-29,3496.00,3510.00,3478.00,3478.00
CIT,2020-09-28,3505.00,3538.00,3477.00,3495.00
CIT,2020-09-27,3519.00,3549.00,3490.00,3505.00
CIT,2020-09-24,3440.00,3516.00,3438.00,3498.00
CIT,2020-09-23,3430.00,3443.00,3405.00,3440.00
CIT,2020-09-22,3430.00,3475.00,3399.00,3420.00
CIT,2020-09-21,3474.00,3475.00,3410.00,3435.00
CIT,2020-09-20,3507.00,3569.00,3425.00,3440.00
CIT,2020-09-17,3400.00,3450.00,3400.00,3439.00
CIT,2020-09-16,3407.00,3417.00,3380.00,3400.00
CIT,2020-09-15,3478.00,3478.00,3405.00,3417.00
CIT,2020-09-14,3400.00,3584.00,3400.00,3413.00
CIT,2020-09-13,3546.00,3546.00,3380.00,3400.00
CIT,2020-09-10,3700.00,3700.00,3520.00,3546.00
CIT,2020-09-09,3628.00,3640.00,3495.00,3632.00
CIT,2020-09-08,3300.00,3460.00,3283.00,3456.00
CIT,2020-09-07,3161.00,3290.00,3050.00,3250.00
CIT,2020-09-06,2961.00,3020.00,2930.00,3011.00
CIT,2020-09-03,2915.00,2925.00,2890.00,2903.00
CIT,2020-09-02,2979.00,2979.00,2884.00,2915.00
CIT,2020-08-31,2880.00,2938.00,2880.00,2921.00
CIT,2020-08-30,2880.00,2890.00,2870.00,2880.00
CIT,2020-08-27,2904.00,2904.00,2867.00,2880.00
CIT,2020-08-26,2850.00,2895.00,2850.00,2878.00
CIT,2020-08-25,2890.00,2899.00,2865.00,2875.00
CIT,2020-08-24,2880.00,2900.00,2870.00,2880.00
CIT,2020-08-23,2880.00,2880.00,2845.00,2865.00
CIT,2020-08-20,2878.00,2904.00,2850.00,2880.00
CIT,2020-08-19,3055.00,3055.00,2850.00,2878.00
CIT,2020-08-18,2778.00,2910.00,2778.00,2910.00
CIT,2020-08-17,2600.00,2650.00,2580.00,2646.00
CIT,2020-08-16,2579.00,2595.00,2571.00,2585.00
CIT,2020-08-13,2581.00,2600.00,2578.00,2584.00
CIT,2020-08-12,2600.00,2619.00,2585.00,2600.00
CIT,2020-08-11,2666.00,2666.00,2606.00,2628.00
CIT,2020-08-10,2624.00,2630.00,2579.00,2622.00
CIT,2020-08-09,2490.00,2580.00,2461.00,2580.00
CIT,2020-08-06,2445.00,2499.00,2445.00,2490.00
CIT,2020-08-03,2505.00,2529.00,2465.00,2505.00
CIT,2020-08-02,2522.00,2550.00,2480.00,2480.00
CIT,2020-07-30,2552.00,2557.00,2533.00,2555.00
CIT,2020-07-29,2600.00,2600.00,2548.00,2550.00
CIT,2020-07-28,2590.00,2590.00,2550.00,2576.00
CIT,2020-07-27,2584.00,2596.00,2581.00,2583.00
CIT,2020-07-26,2531.00,2585.00,2525.00,2585.00
CIT,2020-07-23,2502.00,2555.00,2500.00,2531.00
CIT,2020-07-22,2600.00,2613.00,2520.00,2520.00
CIT,2020-07-21,2590.00,2595.00,2535.00,2562.00
CIT,2020-07-20,2831.00,2831.00,2550.00,2580.00
CIT,2020-07-19,2501.00,2697.00,2501.00,2697.00
CIT,2020-07-16,2450.00,2460.00,2435.00,2452.00
CIT,2020-07-14,2451.00,2465.00,2430.00,2430.00
CIT,2020-07-13,2475.00,2500.00,2450.00,2450.00
CIT,2020-07-12,2506.00,2525.00,2440.00,2450.00
CIT,2020-07-08,2517.00,2517.00,2425.00,2425.00
CIT,2020-07-07,2500.00,2510.00,2450.00,2478.00
CIT,2020-07-06,2499.00,2499.00,2450.00,2467.00
CIT,2020-07-05,2397.00,2520.00,2397.00,2465.00
CIT,2020-07-02,2628.00,2680.00,2352.00,2385.00
CIT,2020-07-01,2322.00,2504.00,2322.00,2504.00
CIT,2020-06-30,2111.00,2277.00,2111.00,2277.00
CIT,2020-06-29,1845.00,2070.00,1750.00,2070.00
CIT,2020-05-13,2320.00,2320.00,2296.00,2296.00
CIT,2020-05-12,1776.20,2513.00,2367.00,2367.00
CIT,2020-03-22,2513.00,2513.00,2421.00,2440.00
CIT,2020-03-19,2386.00,2482.00,2385.00,2465.00
CIT,2020-03-18,2451.00,2524.00,2370.00,2460.00
CIT,2020-03-17,2514.00,2515.00,2440.00,2451.00
CIT,2020-03-16,2500.00,2590.00,2496.00,2531.00
CIT,2020-03-15,2654.00,2654.00,2502.00,2525.00
CIT,2020-03-12,2774.00,2775.00,2600.00,2602.00
CIT,2020-03-11,2575.00,2728.00,2500.00,2728.00
CIT,2020-03-10,2627.00,2640.00,2526.00,2526.00
CIT,2020-03-05,2662.00,2780.00,2608.00,2680.00
CIT,2020-03-04,2823.00,2879.00,2705.00,2705.00
CIT,2020-03-03,2800.00,2910.00,2675.00,2823.00
CIT,2020-03-02,2900.00,2920.00,2800.00,2800.00
CIT,2020-03-01,3033.00,3090.00,2936.00,2945.00
CIT,2020-02-27,3080.00,3140.00,2971.00,3033.00
CIT,2020-02-26,3096.00,3164.00,3085.00,3110.00
CIT,2020-02-25,2983.00,3077.00,2950.00,3036.00
CIT,2020-02-24,3001.00,3070.00,2980.00,2983.00
CIT,2020-02-23,2932.00,3020.00,2900.00,3001.00
CIT,2020-02-20,2820.00,2911.00,2812.00,2903.00
CIT,2020-02-19,2725.00,2840.00,2700.00,2820.00
CIT,2020-02-18,2772.00,2797.00,2713.00,2750.00
CIT,2020-02-17,2798.00,2873.00,2770.00,2789.00
CIT,2020-02-16,2765.00,2810.00,2762.00,2771.00
CIT,2020-02-13,2839.00,2888.00,2794.00,2810.00
CIT,2020-02-12,2641.00,2790.00,2600.00,2784.00
CIT,2020-02-11,2550.00,2600.00,2550.00,2600.00
CIT,2020-02-10,2450.00,2517.00,2436.00,2510.00
CIT,2020-02-09,2461.00,2464.00,2415.00,2436.00
CIT,2020-02-06,2448.00,2540.00,2448.00,2470.00
CIT,2020-02-05,2378.00,2515.00,2340.00,2497.00
CIT,2020-02-04,2320.00,2350.00,2318.00,2332.00
CIT,2020-02-03,2369.00,2369.00,2311.00,2316.00
CIT,2020-02-02,2326.00,2345.00,2308.00,2342.00
CIT,2020-01-30,2350.00,2350.00,2323.00,2324.00
CIT,2020-01-29,2330.00,2337.00,2300.00,2319.00
CIT,2020-01-28,2236.00,2369.00,2236.00,2325.00
CIT,2020-01-27,2170.00,2210.00,2168.00,2193.00
CIT,2020-01-26,2177.00,2200.00,2150.00,2189.00
CIT,2020-01-23,2239.00,2240.00,2205.00,2209.00
CIT,2020-01-22,2265.00,2277.00,2212.00,2225.00
CIT,2020-01-21,2245.00,2280.00,2210.00,2222.00
CIT,2020-01-20,2280.00,2308.00,2222.00,2244.00
CIT,2020-01-19,2230.00,2298.00,2218.00,2266.00
CIT,2020-01-16,2244.00,2244.00,2204.00,2207.00
CIT,2020-01-15,2230.00,2274.00,2210.00,2210.00
CIT,2020-01-14,2140.00,2250.00,2103.00,2220.00
CIT,2020-01-13,2159.00,2165.00,2120.00,2140.00
CIT,2020-01-12,2092.00,2147.00,2080.00,2133.00
CIT,2020-01-09,2099.00,2099.00,2073.00,2077.00
CIT,2020-01-08,2077.00,2125.00,2076.00,2091.00
CIT,2020-01-07,2096.00,2105.00,2067.00,2100.00
CIT,2020-01-06,2120.00,2120.00,2076.00,2102.00
CIT,2020-01-05,2051.00,2110.00,2051.00,2089.00
CIT,2020-01-02,2062.00,2101.00,2062.00,2077.00
CIT,2020-01-01,2090.00,2105.00,2076.00,2104.00
CIT,2019-12-31,2124.00,2129.00,2085.00,2095.00
CIT,2019-12-30,2030.00,2116.00,2022.00,2093.00
CIT,2019-12-29,2001.00,2030.00,2000.00,2018.00
CIT,2019-12-26,2048.00,2049.00,1986.00,2001.00
CIT,2019-12-25,2050.00,2132.00,2009.00,2013.00
CIT,2019-12-24,2008.00,2165.00,1995.00,2050.00
CIT,2019-12-23,1790.00,1969.00,1780.00,1969.00
CIT,2019-12-22,1698.00,1790.00,1732.00,1790.00
CIT,2019-12-19,1744.00,1745.00,1730.00,1732.00
CIT,2019-12-18,1770.00,1770.00,1731.00,1731.00
CIT,2019-12-17,1745.00,1759.00,1730.00,1748.00
CIT,2019-12-16,1725.00,1740.00,1707.00,1727.00
CIT,2019-12-15,1769.00,1769.00,1740.00,1759.00
CIT,2019-12-12,1759.00,1759.00,1740.00,1740.00
CIT,2019-12-11,1743.00,1760.00,1741.00,1755.00
CIT,2019-12-10,1735.00,1743.00,1730.00,1740.00
CIT,2019-12-09,1678.00,1760.00,1678.00,1740.00
CIT,2019-12-08,1715.00,1720.00,1704.00,1712.00
CIT,2019-12-05,1700.00,1739.00,1700.00,1717.00
CIT,2019-12-04,1702.00,1714.00,1700.00,1700.00
CIT,2019-12-03,1710.00,1738.00,1700.00,1700.00
CIT,2019-12-02,1698.00,1705.00,1697.00,1705.00
CIT,2019-12-01,1718.00,1718.00,1690.00,1690.00
CIT,2019-11-28,1701.00,1701.00,1685.00,1685.00
CIT,2019-11-27,1686.00,1714.00,1684.00,1714.00
CIT,2019-11-26,1705.00,1705.00,1691.00,1691.00
CIT,2019-11-25,1704.00,1705.00,1700.00,1701.00
CIT,2019-11-24,1741.00,1741.00,1710.00,1710.00
CIT,2019-11-21,1750.00,1750.00,1730.00,1740.00
CIT,2019-11-20,1755.00,1760.00,1750.00,1750.00
CIT,2019-11-19,1760.00,1770.00,1750.00,1750.00
CIT,2019-11-18,1774.00,1774.00,1746.00,1755.00
CIT,2019-11-17,1752.00,1752.00,1752.00,1752.00
CIT,2019-11-14,1755.00,1760.00,1754.00,1758.00
CIT,2019-11-13,1751.00,1760.00,1751.00,1755.00
CIT,2019-11-12,1760.00,1764.00,1750.00,1760.00
CIT,2019-11-11,1750.00,1775.00,1750.00,1775.00
CIT,2019-11-10,1760.00,1794.00,1752.00,1753.00
CIT,2019-11-07,1765.00,1770.00,1755.00,1755.00
CIT,2019-11-06,1775.00,1775.00,1765.00,1765.00
CIT,2019-11-05,1772.00,1784.00,1775.00,1775.00
CIT,2019-11-04,1792.00,1793.00,1771.00,1772.00
CIT,2019-11-03,1800.00,1800.00,1791.00,1792.00
CIT,2019-10-31,1800.00,1800.00,1786.00,1793.00
CIT,2019-10-24,1828.00,1828.00,1800.00,1805.00
CIT,2019-10-23,1781.00,1805.00,1781.00,1800.00
CIT,2019-10-22,1785.00,1785.00,1777.00,1780.00
CIT,2019-10-21,1770.00,1788.00,1770.00,1788.00
CIT,2019-10-20,1770.00,1770.00,1770.00,1770.00
CIT,2019-10-17,1800.00,1810.00,1779.00,1779.00
CIT,2019-10-16,1810.00,1810.00,1810.00,1810.00
CIT,2019-10-15,1770.00,1820.00,1770.00,1810.00
CIT,2019-10-14,1765.00,1775.00,1764.00,1771.00
CIT,2019-10-10,1800.00,1800.00,1776.00,1776.00
CIT,2019-10-03,1810.00,1819.00,1800.00,1819.00
CIT,2019-10-02,1814.00,1814.00,1791.00,1791.00
CIT,2019-10-01,1815.00,1820.00,1815.00,1818.00
CIT,2019-09-30,1764.00,1820.00,1764.00,1817.00
CIT,2019-09-29,1799.00,1799.00,1767.00,1785.00
CIT,2019-09-26,1771.00,1785.00,1770.00,1780.00
CIT,2019-09-25,1790.00,1780.00,1775.00,1775.00
CIT,2019-09-24,1805.00,1805.00,1789.00,1790.00
CIT,2019-09-23,1771.00,1820.00,1771.00,1798.00
CIT,2019-09-22,1800.00,1800.00,1779.00,1779.00
CIT,2019-09-19,1900.00,1940.00,1825.00,1825.00
CIT,2019-09-18,1827.00,1897.00,1800.00,1894.00
CIT,2019-09-17,1746.00,1814.00,1735.00,1792.00
CIT,2019-09-16,1810.00,1810.00,1750.00,1764.00
CIT,2019-09-15,1811.00,1820.00,1810.00,1811.00
CIT,2019-09-12,1860.00,1860.00,1840.00,1840.00
CIT,2019-09-11,1860.00,1869.00,1858.00,1861.00
CIT,2019-09-10,1869.00,1886.00,1850.00,1863.00
CIT,2019-09-09,1940.00,1940.00,1864.00,1868.00
CIT,2019-09-08,1950.00,1970.00,1931.00,1940.00
CIT,2019-09-05,1920.00,1923.00,1880.00,1916.00
CIT,2019-09-04,2270.00,2320.00,2260.00,2297.00
CIT,2019-09-03,2250.00,2300.00,2245.00,2260.00
CIT,2019-09-02,2323.00,2323.00,2280.00,2280.00
CIT,2019-09-01,2397.00,2397.00,2330.00,2330.00
CIT,2019-08-29,2380.00,2380.00,2345.00,2350.00
CIT,2019-08-28,2390.00,2390.00,2360.00,2360.00
CIT,2019-08-27,2422.00,2422.00,2390.00,2395.00
CIT,2019-08-26,2390.00,2390.00,2365.00,2379.00
CIT,2019-08-25,2457.00,2472.00,2360.00,2395.00
CIT,2019-08-22,2445.00,2445.00,2400.00,2410.00
CIT,2019-08-21,2349.00,2480.00,2349.00,2425.00
CIT,2019-08-20,2350.00,2355.00,2340.00,2340.00
CIT,2019-08-19,2358.00,2370.00,2320.00,2362.00
CIT,2019-08-18,2370.00,2370.00,2355.00,2358.00
CIT,2019-08-15,2370.00,2371.00,2370.00,2370.00
CIT,2019-08-14,2370.00,2380.00,2370.00,2370.00
CIT,2019-08-13,2385.00,2385.00,2385.00,2385.00
CIT,2019-08-12,2409.00,2410.00,2380.00,2380.00
CIT,2019-08-11,2401.00,2406.00,2400.00,2406.00
CIT,2019-08-08,2419.00,2419.00,2400.00,2408.00
CIT,2019-08-07,2420.00,2428.00,2415.00,2420.00
CIT,2019-08-06,2416.00,2420.00,2401.00,2420.00
CIT,2019-08-05,2430.00,2440.00,2420.00,2420.00
CIT,2019-08-04,2427.00,2442.00,2427.00,2430.00
CIT,2019-08-01,2430.00,2479.00,2430.00,2442.00
CIT,2019-07-31,2440.00,2450.00,2434.00,2442.00
CIT,2019-07-30,2450.00,2450.00,2436.00,2440.00
CIT,2019-07-29,2440.00,2470.00,2431.00,2464.00
CIT,2019-07-28,2452.00,2452.00,2440.00,2440.00
CIT,2019-07-25,2499.00,2499.00,2480.00,2495.00
CIT,2019-07-24,2500.00,2500.00,2480.00,2497.00
CIT,2019-07-23,2469.00,2497.00,2469.00,2495.00
CIT,2019-07-22,2430.00,2470.00,2430.00,2470.00
CIT,2019-07-21,2530.00,2530.00,2450.00,2455.00
CIT,2019-07-18,2451.00,2460.00,2450.00,2460.00
CIT,2019-07-17,2425.00,2440.00,2425.00,2433.00
CIT,2019-07-16,2420.00,2429.00,2411.00,2429.00
CIT,2019-07-15,2440.00,2440.00,2420.00,2428.00
CIT,2019-07-14,2470.00,2470.00,2435.00,2435.00
CIT,2019-07-11,2468.00,2468.00,2440.00,2440.00
CIT,2019-07-10,2475.00,2475.00,2430.00,2439.00
CIT,2019-07-09,2430.00,2430.00,2415.00,2430.00
CIT,2019-07-08,2430.00,2430.00,2405.00,2430.00
CIT,2019-07-07,2430.00,2431.00,2422.00,2425.00
CIT,2019-07-04,2476.00,2480.00,2430.00,2430.00
CIT,2019-07-03,2455.00,2490.00,2425.00,2489.00
CIT,2019-07-02,2449.00,2450.00,2430.00,2450.00
CIT,2019-07-01,2455.00,2480.00,2430.00,2431.00
CIT,2019-06-30,2460.00,2465.00,2450.00,2455.00
CIT,2019-06-27,2475.00,2480.00,2475.00,2475.00
CIT,2019-06-26,2490.00,2500.00,2475.00,2475.00
CIT,2019-06-25,2486.00,2500.00,2482.00,2490.00
CIT,2019-06-24,2485.00,2500.00,2480.00,2500.00
CIT,2019-06-19,2500.00,2501.00,2491.00,2491.00
CIT,2019-06-18,2500.00,2505.00,2499.00,2500.00
CIT,2019-06-17,2500.00,2538.00,2499.00,2514.00
CIT,2019-06-16,2515.00,2515.00,2485.00,2495.00
CIT,2019-06-13,2477.00,2550.00,2477.00,2517.00
CIT,2019-06-12,2500.00,2500.00,2492.00,2492.00
CIT,2019-06-11,2517.00,2530.00,2506.00,2506.00
CIT,2019-06-10,2521.00,2560.00,2518.00,2535.00
CIT,2019-06-06,2603.00,2603.00,2550.00,2550.00
CIT,2019-06-04,2565.00,2565.00,2551.00,2552.00
CIT,2019-06-03,2573.00,2580.00,2568.00,2568.00
CIT,2019-06-02,2600.00,2600.00,2575.00,2576.00
CIT,2019-05-30,2652.00,2655.00,2588.00,2608.00
CIT,2019-05-29,2592.00,2630.00,2591.00,2600.00
CIT,2019-05-28,2600.00,2609.00,2586.00,2591.00
CIT,2019-05-27,2582.00,2606.00,2580.00,2600.00
CIT,2019-05-26,2602.00,2615.00,2580.00,2581.00
CIT,2019-05-23,2550.00,2620.00,2550.00,2600.00
CIT,2019-05-22,2620.00,2620.00,2571.00,2599.00
CIT,2019-05-21,2601.00,2620.00,2590.00,2590.00
CIT,2019-05-20,2650.00,2650.00,2610.00,2610.00
CIT,2019-05-19,2618.00,2650.00,2610.00,2630.00
CIT,2019-05-16,2660.00,2660.00,2630.00,2655.00
CIT,2019-05-15,2679.00,2679.00,2631.00,2668.00
CIT,2019-05-14,2652.00,2705.00,2627.00,2650.00
CIT,2019-05-13,2629.00,2690.00,2629.00,2653.00
CIT,2019-05-12,2679.00,2700.00,2652.00,2680.00
CIT,2019-05-09,2685.00,2714.00,2666.00,2675.00
CIT,2019-05-08,2640.00,2750.00,2610.00,2713.00
CIT,2019-05-07,2520.00,2650.00,2520.00,2636.00
CIT,2019-05-06,2558.00,2530.00,2507.00,2523.00
CIT,2019-05-05,2530.00,2530.00,2508.00,2508.00
CIT,2019-05-02,2501.00,2550.00,2493.00,2535.00
CIT,2019-04-30,2507.00,2510.00,2501.00,2503.00
CIT,2019-04-29,2560.00,2560.00,2500.00,2547.00
CIT,2019-04-28,2450.00,2593.00,2450.00,2560.00
CIT,2019-04-25,2451.00,2510.00,2451.00,2470.00
CIT,2019-04-24,2510.00,2510.00,2476.00,2490.00
CIT,2019-04-23,2525.00,2525.00,2490.00,2500.00
CIT,2019-04-22,2550.00,2550.00,2500.00,2510.00
CIT,2019-04-21,2550.00,2550.00,2518.00,2545.00
CIT,2019-04-18,2570.00,2595.00,2532.00,2550.00
CIT,2019-04-17,2550.00,2601.00,2523.00,2525.00
CIT,2019-04-16,2550.00,2559.00,2525.00,2550.00
CIT,2019-04-15,2550.00,2550.00,2527.00,2536.00
CIT,2019-04-11,2575.00,2580.00,2557.00,2557.00
CIT,2019-04-10,2590.00,2590.00,2573.00,2573.00
CIT,2019-04-09,2595.00,2610.00,2570.00,2572.00
CIT,2019-04-08,2575.00,2626.00,2570.00,2590.00
CIT,2019-04-07,2571.00,2585.00,2570.00,2570.00
CIT,2019-04-04,2533.00,2610.00,2533.00,2570.00
CIT,2019-04-03,2648.00,2651.00,2580.00,2580.00
CIT,2019-04-02,2605.00,2619.00,2600.00,2600.00
CIT,2019-04-01,2620.00,2620.00,2600.00,2610.00
CIT,2019-03-31,2630.00,2630.00,2611.00,2612.00
CIT,2019-03-28,2570.00,2630.00,2570.00,2615.00
CIT,2019-03-27,2630.00,2645.00,2618.00,2618.00
CIT,2019-03-26,2618.00,2640.00,2615.00,2630.00
CIT,2019-03-25,2610.00,2630.00,2610.00,2610.00
CIT,2019-03-24,2611.00,2640.00,2610.00,2620.00
CIT,2019-03-21,2710.00,2710.00,2658.00,2660.00
CIT,2019-03-19,2687.00,2774.00,2670.00,2690.00
CIT,2019-03-18,2675.00,2680.00,2620.00,2635.00
CIT,2019-03-17,2660.00,2675.00,2637.00,2637.00
CIT,2019-03-14,2660.00,2665.00,2620.00,2625.00
CIT,2019-03-13,2688.00,2689.00,2592.00,2625.00
CIT,2019-03-12,2622.00,2652.00,2609.00,2644.00
CIT,2019-03-11,2600.00,2618.00,2566.00,2618.00
CIT,2019-03-10,2589.00,2594.00,2563.00,2594.00
CIT,2019-03-07,2550.00,2580.00,2540.00,2563.00
CIT,2019-03-06,2540.00,2550.00,2530.00,2540.00
CIT,2019-03-05,2525.00,2549.00,2521.00,2530.00
CIT,2019-03-03,2530.00,2540.00,2521.00,2521.00
CIT,2019-02-27,2505.00,2598.00,2505.00,2540.00
CIT,2019-02-26,2530.00,2540.00,2507.00,2507.00
CIT,2019-02-25,2505.00,2539.00,2500.00,2530.00
CIT,2019-02-24,2501.00,2531.00,2500.00,2505.00
CIT,2019-02-21,2539.00,2544.00,2530.00,2531.00
CIT,2019-02-20,2619.00,2620.00,2524.00,2530.00
CIT,2019-02-19,2500.00,2600.00,2492.00,2590.00
CIT,2019-02-18,2550.00,2550.00,2480.00,2492.00
CIT,2019-02-17,2575.00,2575.00,2500.00,2503.00
CIT,2019-02-14,2560.00,2610.00,2540.00,2550.00
CIT,2019-02-13,2622.00,2640.00,2585.00,2610.00
CIT,2019-02-12,2610.00,2637.00,2607.00,2637.00
CIT,2019-02-11,2615.00,2670.00,2615.00,2627.00
CIT,2019-02-10,2646.00,2663.00,2615.00,2640.00
CIT,2019-02-07,2725.00,2725.00,2661.00,2663.00
CIT,2019-02-06,2701.00,2701.00,2672.00,2680.00
CIT,2019-02-05,2700.00,2715.00,2671.00,2698.00
CIT,2019-02-04,2717.00,2746.00,2701.00,2707.00
CIT,2019-02-03,2761.00,2765.00,2715.00,2746.00
CIT,2019-01-31,2717.00,2800.00,2710.00,2764.00
CIT,2019-01-30,2692.00,2730.00,2642.00,2717.00
CIT,2019-01-29,2705.00,2705.00,2663.00,2692.00
CIT,2019-01-28,2689.00,2715.00,2657.00,2705.00
CIT,2019-01-27,2739.00,2749.00,2652.00,2689.00
CIT,2019-01-24,2609.00,2760.00,2607.00,2739.00
CIT,2019-01-23,2559.00,2614.00,2540.00,2609.00
CIT,2019-01-22,2535.00,2600.00,2497.00,2559.00
CIT,2019-01-21,2571.00,2600.00,2500.00,2535.00
CIT,2019-01-20,2745.00,2799.00,2561.00,2571.00
CIT,2019-01-17,2811.00,2811.00,2733.00,2745.00
CIT,2019-01-16,2874.00,2948.00,2771.00,2811.00
CIT,2019-01-15,2613.00,2874.00,2613.00,2874.00
CIT,2019-01-14,2494.00,2613.00,2456.00,2613.00
CIT,2019-01-13,2275.00,2376.00,2270.00,2376.00
CIT,2019-01-10,2270.00,2289.00,2260.00,2275.00
CIT,2019-01-09,2260.00,2300.00,2256.00,2270.00
CIT,2019-01-08,2288.00,2288.00,2250.00,2260.00
CIT,2019-01-07,2248.00,2288.00,2241.00,2288.00
CIT,2019-01-06,2100.00,2310.00,2100.00,2248.00
CIT,2019-01-03,2108.00,2120.00,2090.00,2100.00
CIT,2019-01-02,2150.00,2150.00,2108.00,2108.00
CIT,2019-01-01,2125.00,2200.00,2125.00,2150.00
CIT,2018-12-31,2199.00,2240.00,2125.00,2125.00
CIT,2018-12-30,2100.00,2295.00,2100.00,2200.00
CIT,2018-12-27,1926.00,2118.00,1926.00,2100.00
CIT,2018-12-26,1751.00,1926.00,1750.00,1926.00
CIT,2018-12-25,1714.00,1751.00,1713.00,1751.00
CIT,2018-12-24,1725.00,1749.00,1690.00,1714.00
CIT,2018-12-23,1605.00,1730.00,1605.00,1725.00
CIT,2018-12-20,1610.00,1640.00,1590.00,1605.00
CIT,2018-12-19,1610.00,1612.00,1600.00,1610.00
CIT,2018-12-18,1618.00,1639.00,1586.00,1610.00
CIT,2018-12-17,1600.00,1619.00,1590.00,1618.00
CIT,2018-12-16,1577.00,1607.00,1577.00,1600.00
CIT,2018-12-13,1607.00,1615.00,1577.00,1577.00
CIT,2018-12-12,1613.00,1630.00,1607.00,1607.00
CIT,2018-12-11,1606.00,1632.00,1606.00,1613.00
CIT,2018-12-10,1622.00,1665.00,1604.00,1606.00
CIT,2018-12-09,1631.00,1631.00,1622.00,1622.00
CIT,2018-12-06,1651.00,1655.00,1601.00,1631.00
CIT,2018-12-05,1651.00,1710.00,1651.00,1651.00
CIT,2018-12-04,1700.00,1710.00,1691.00,1710.00
CIT,2018-12-03,1760.00,1760.00,1700.00,1700.00
CIT,2018-12-02,2186.69,2186.69,1760.00,1760.00
CIT,2018-11-29,2200.00,2200.00,2170.00,2189.00
CIT,2018-11-28,2215.00,2230.00,2185.00,2200.00
CIT,2018-11-27,2224.00,2265.00,2200.00,2215.00
CIT,2018-11-26,2150.00,2230.00,2150.00,2224.00
CIT,2018-11-25,2207.13,2207.13,2150.00,2150.00
CIT,2018-11-22,2225.00,2225.00,2207.00,2207.00
CIT,2018-11-21,2234.00,2235.00,2200.00,2225.00
CIT,2018-11-19,2265.00,2265.00,2230.00,2245.00
CIT,2018-11-18,2300.00,2300.00,2261.00,2265.00
CIT,2018-11-15,2298.00,2300.00,2290.00,2300.00
CIT,2018-11-14,2309.00,2315.00,2295.00,2298.00
CIT,2018-11-13,2325.00,2325.00,2290.00,2309.00
CIT,2018-11-10,2325.00,2290.00,2290.00,2325.00
CIT,2018-11-07,2290.00,2290.00,2290.00,2290.00
CIT,2018-11-06,2290.00,2290.00,2290.00,2325.00
CIT,2018-11-05,2300.00,2301.00,2300.00,2301.00
CIT,2018-11-04,2295.00,2300.00,2286.00,2290.00
CIT,2018-11-01,2320.00,2339.00,2315.00,2315.00
CIT,2018-10-31,2310.00,2320.00,2305.00,2320.00
CIT,2018-10-30,2295.00,2325.00,2295.00,2301.00
CIT,2018-10-28,2340.00,2340.00,2300.00,2300.00
CIT,2018-10-25,2355.00,2355.00,2310.00,2310.00
CIT,2018-10-24,2300.00,2345.00,2300.00,2344.00
CIT,2018-10-23,2300.00,2301.00,2299.00,2300.00
CIT,2018-10-22,2333.00,2349.00,2333.00,2334.00
CIT,2018-10-21,2350.00,2350.00,2350.00,2350.00
CIT,2018-10-14,2335.00,2335.00,2330.00,2330.00
CIT,2018-10-11,2320.00,2320.00,2300.00,2310.00
CIT,2018-10-10,2300.00,2310.00,2299.00,2310.00
CIT,2018-10-09,2325.00,2325.00,2310.00,2310.00
CIT,2018-10-08,2312.00,2325.00,2312.00,2325.00
CIT,2018-10-07,2303.00,2330.00,2303.00,2310.00
CIT,2018-10-04,2345.00,2355.00,2330.00,2350.00
CIT,2018-10-03,2387.00,2388.00,2340.00,2340.00
CIT,2018-10-02,2345.00,2364.00,2341.00,2299.00
CIT,2018-10-01,2400.00,2400.00,2346.00,2300.00
CIT,2018-09-30,2350.00,2365.00,2349.00,2365.00
CIT,2018-09-27,2376.00,2400.00,2370.00,2371.00
CIT,2018-09-26,2400.00,2405.00,2390.00,2390.00
CIT,2018-09-25,2390.00,2390.00,2380.00,2380.00
CIT,2018-09-23,2370.00,2380.00,2370.00,2380.00
CIT,2018-09-20,2390.00,2390.00,2381.00,2381.00
CIT,2018-09-18,2400.00,2400.00,2400.00,2400.00
CIT,2018-09-17,2410.00,2430.00,2393.00,2400.00
CIT,2018-09-16,2440.00,2440.00,2440.00,2440.00
CIT,2018-09-13,2410.00,2420.00,2391.00,2400.00
CIT,2018-09-12,2390.00,2405.00,2390.00,2405.00
CIT,2018-09-11,2415.00,2415.00,2390.00,2390.00
CIT,2018-09-10,2400.00,2400.00,2367.00,2390.00
CIT,2018-09-09,2400.00,2400.00,2400.00,2400.00
CIT,2018-09-06,2480.00,2480.00,2402.00,2402.00
CIT,2018-09-05,2400.00,2435.00,2400.00,2435.00
CIT,2018-09-04,2402.00,2402.00,2388.00,2390.00
CIT,2018-09-03,2400.00,2420.00,2400.00,2405.00
CIT,2018-09-02,2410.00,2410.00,2400.00,2401.00
CIT,2018-08-30,2392.00,2400.00,2386.00,2400.00
CIT,2018-08-29,2400.00,2410.00,2395.00,2395.00
CIT,2018-08-28,2400.00,2415.00,2390.00,2415.00
CIT,2018-08-26,2450.00,2450.00,2400.00,2400.00
CIT,2018-08-23,2437.00,2484.00,2437.00,2484.00
CIT,2018-08-22,2400.00,2401.00,2390.00,2390.00
CIT,2018-08-21,2437.00,2437.00,2400.00,2400.00
CIT,2018-08-20,2424.00,2424.00,2390.00,2390.00
CIT,2018-08-19,2445.00,2445.00,2415.00,2425.00
CIT,2018-08-16,2440.00,2460.00,2440.00,2445.00
CIT,2018-08-15,2400.00,2468.00,2400.00,2450.00
CIT,2018-08-14,2400.00,2410.00,2386.00,2405.00
CIT,2018-08-13,2372.00,2410.00,2370.00,2410.00
CIT,2018-08-12,2386.00,2425.00,2386.00,2400.00
CIT,2018-08-09,2440.00,2440.00,2425.00,2425.00
CIT,2018-08-08,2410.00,2440.00,2410.00,2440.00
CIT,2018-08-07,2460.00,2460.00,2421.00,2445.00
CIT,2018-08-06,2430.00,2431.00,2417.00,2417.00
CIT,2018-08-05,2469.00,2469.00,2431.00,2431.00
CIT,2018-08-02,2490.00,2490.00,2420.00,2423.00
CIT,2018-08-01,2425.00,2444.00,2425.00,2444.00
CIT,2018-07-31,2420.00,2440.00,2419.00,2419.00
CIT,2018-07-30,2420.00,2435.00,2410.00,2420.00
CIT,2018-07-29,2430.00,2435.00,2416.00,2416.00
CIT,2018-07-26,2435.00,2435.00,2410.00,2420.00
CIT,2018-07-25,2460.00,2460.00,2435.00,2455.00
CIT,2018-07-24,2460.00,2470.00,2440.00,2441.00
CIT,2018-07-23,2384.00,2430.00,2384.00,2427.00
CIT,2018-07-22,2422.00,2455.00,2406.00,2411.00
CIT,2018-07-19,2460.00,2460.00,2460.00,2460.00
CIT,2018-07-18,2500.00,2500.00,2460.00,2460.00
CIT,2018-07-17,2500.00,2500.00,2470.00,2475.00
CIT,2018-07-16,2500.00,2530.00,2490.00,2500.00
CIT,2018-07-15,2461.00,2465.00,2450.00,2456.00
CIT,2018-07-12,2505.00,2505.00,2460.00,2490.00
CIT,2018-07-11,2515.00,2540.00,2485.00,2485.00
CIT,2018-07-10,2500.00,2526.00,2500.00,2520.00
CIT,2018-07-09,2485.00,2500.00,2477.00,2477.00
CIT,2018-07-08,2550.00,2568.00,2530.00,2531.00
CIT,2018-07-05,2490.00,2550.00,2490.00,2505.00
CIT,2018-07-04,2449.00,2475.00,2449.00,2461.00
CIT,2018-07-03,2450.00,2450.00,2450.00,2450.00
CIT,2018-07-01,2462.00,2465.00,2430.00,2445.00
CIT,2018-06-28,2450.00,2490.00,2411.00,2446.00
CIT,2018-06-27,2425.00,2450.00,2425.00,2440.00
CIT,2018-06-26,2480.00,2480.00,2455.00,2456.00
CIT,2018-06-25,2488.00,2488.00,2488.00,2488.00
CIT,2018-06-24,2491.00,2510.00,2487.00,2491.00
CIT,2018-06-21,2452.00,2528.00,2431.00,2491.00
CIT,2018-06-20,2500.00,2530.00,2480.00,2480.00
CIT,2018-06-19,2550.00,2550.00,2517.00,2517.00
CIT,2018-06-18,2531.00,2585.00,2521.00,2585.00
CIT,2018-06-17,2585.00,2585.00,2550.00,2570.00
CIT,2018-06-14,2535.00,2605.00,2535.00,2585.00
CIT,2018-06-13,2565.00,2570.00,2550.00,2565.00
CIT,2018-06-12,2560.00,2560.00,2510.00,2560.00
CIT,2018-06-11,2550.00,2580.00,2520.00,2560.00
CIT,2018-06-10,2550.00,2550.00,2502.00,2508.00
CIT,2018-06-07,2650.00,2650.00,2586.00,2595.00
CIT,2018-06-06,2682.00,2689.00,2600.00,2601.00
CIT,2018-06-04,2580.00,2650.00,2580.00,2630.00
CIT,2018-06-03,2647.00,2657.00,2605.00,2620.00
CIT,2018-05-31,2740.00,2744.00,2700.00,2700.00
CIT,2018-05-30,2720.00,2745.00,2720.00,2728.00
CIT,2018-05-29,2740.00,2750.00,2702.00,2735.00
CIT,2018-05-28,2704.00,2735.00,2685.00,2735.00
CIT,2018-05-27,2700.00,2709.00,2683.00,2683.00
CIT,2018-05-24,2700.00,2725.00,2696.00,2696.00
CIT,2018-05-23,2715.00,2730.00,2700.00,2700.00
CIT,2018-05-22,2735.00,2770.00,2730.00,2736.00
CIT,2018-05-21,2678.00,2745.00,2650.00,2725.00
CIT,2018-05-20,2650.00,2650.00,2625.00,2626.00
CIT,2018-05-17,2650.00,2665.00,2638.00,2639.00
CIT,2018-05-16,2650.00,2650.00,2600.00,2640.00
CIT,2018-05-15,2615.00,2645.00,2615.00,2645.00
CIT,2018-05-14,2610.00,2650.00,2610.00,2635.00
CIT,2018-05-10,2650.00,2635.00,2635.00,2635.00
CIT,2018-05-09,2670.00,2675.00,2640.00,2650.00
CIT,2018-05-08,2610.00,2670.00,2610.00,2670.00
CIT,2018-05-07,2625.00,2639.00,2600.00,2630.00
CIT,2018-05-06,2646.00,2646.00,2594.00,2600.00
CIT,2018-05-03,2700.00,2700.00,2646.00,2646.00
CIT,2018-05-02,2606.00,2675.00,2586.00,2675.00
CIT,2018-04-29,2600.00,2649.00,2597.00,2609.00
CIT,2018-04-26,2741.00,2741.00,2610.00,2650.00
CIT,2018-04-25,2725.00,2763.00,2710.00,2730.00
CIT,2018-04-24,2744.00,2774.00,2710.00,2710.00
CIT,2018-04-23,2850.00,2863.00,2750.00,2750.00
CIT,2018-04-22,2741.00,2845.00,2785.00,2807.00
CIT,2018-04-19,2727.00,2780.00,2725.00,2750.00
CIT,2018-04-18,2723.00,2765.00,2690.00,2760.00
CIT,2018-04-17,2571.00,2670.00,2600.00,2670.00
CIT,2018-04-16,2599.00,2599.00,2550.00,2571.00
CIT,2018-04-15,2500.00,2550.00,2480.00,2549.00
CIT,2018-04-12,2529.00,2529.00,2500.00,2505.00
CIT,2018-04-11,2402.00,2480.00,2402.00,2480.00
CIT,2018-04-10,2550.00,2550.00,2430.00,2450.00
CIT,2018-04-09,2480.00,2555.00,2475.00,2500.00
CIT,2018-04-08,2386.00,2470.00,2340.00,2450.00
CIT,2018-04-05,2253.00,2389.00,2298.00,2340.00
CIT,2018-04-04,2700.00,2754.00,2680.00,2748.00
CIT,2018-04-03,2650.00,2660.00,2642.00,2650.00
CIT,2018-04-02,2680.00,2680.00,2630.00,2651.00
CIT,2018-04-01,2700.00,2700.00,2620.00,2680.00
CIT,2018-03-29,2680.00,2740.00,2680.00,2710.00
CIT,2018-03-28,2700.00,2727.00,2627.00,2650.00
CIT,2018-03-27,2650.00,2697.00,2530.00,2652.00
CIT,2018-03-26,2720.00,2720.00,2617.00,2617.00
CIT,2018-03-22,2755.00,2834.00,2734.00,2770.00
CIT,2018-03-21,2840.00,2840.00,2731.00,2790.00
CIT,2018-03-20,3040.00,3040.00,2860.00,2862.00
CIT,2018-03-19,2842.00,2998.00,2842.00,2998.00
CIT,2018-03-18,2940.00,2950.00,2900.00,2900.00
CIT,2018-03-15,2955.00,2956.00,2930.00,2941.00
CIT,2018-03-14,2960.00,2970.00,2950.00,2960.00
CIT,2018-03-13,3000.00,3000.00,2947.00,3000.00
CIT,2018-03-12,3000.00,3010.00,2950.00,2950.00
CIT,2018-03-11,3010.00,3014.00,2990.00,3000.00
CIT,2018-03-07,3004.00,3115.00,3004.00,3050.00
CIT,2018-03-06,3118.00,3150.00,3000.00,3065.00
CIT,2018-03-05,3190.00,3190.00,3152.00,3152.00
CIT,2018-03-04,3259.00,3275.00,3155.00,3200.00
CIT,2018-02-28,3400.00,3400.00,3287.00,3325.00
CIT,2018-02-27,3350.00,3400.00,3350.00,3365.00
CIT,2018-02-26,3382.00,3382.00,3337.00,3337.00
CIT,2018-02-25,3410.00,3410.00,3400.00,3405.00
CIT,2018-02-22,3400.00,3455.00,3400.00,3455.00
CIT,2018-02-21,3470.00,3470.00,3426.00,3430.00
CIT,2018-02-20,3480.00,3480.00,3470.00,3470.00
CIT,2018-02-18,3501.00,3550.00,3500.00,3500.00
CIT,2018-02-15,3498.00,3520.00,3491.00,3501.00
CIT,2018-02-14,3431.00,3460.00,3431.00,3460.00
CIT,2018-02-12,3462.00,3465.00,3460.00,3465.00
CIT,2018-02-11,3519.00,3550.00,3450.00,3450.00
CIT,2018-02-08,3430.00,3450.00,3430.00,3450.00
CIT,2018-02-07,3450.00,3456.00,3430.00,3430.00
CIT,2018-02-06,3480.00,3480.00,3471.00,3472.00
CIT,2018-02-05,3500.00,3500.00,3490.00,3500.00
CIT,2018-02-04,3500.00,3510.00,3500.00,3510.00
CIT,2018-02-01,3486.00,3499.00,3480.00,3499.00
CIT,2018-01-31,3471.00,3489.00,3465.00,3480.00
CIT,2018-01-29,3443.00,3511.00,3443.00,3481.00
CIT,2018-01-28,3501.00,3501.00,3480.00,3483.00
CIT,2018-01-25,3525.00,3525.00,3480.00,3500.00
CIT,2018-01-24,3480.00,3510.00,3480.00,3500.00
CIT,2018-01-23,3480.00,3501.00,3480.00,3500.00
CIT,2018-01-22,3520.00,3530.00,3510.00,3511.00
CIT,2018-01-21,3550.00,3600.00,3491.00,3522.00
CIT,2018-01-17,3500.00,3535.00,3500.00,3500.00
CIT,2018-01-16,3515.00,3535.00,3500.00,3516.00
CIT,2018-01-14,3610.00,3610.00,3515.00,3515.00
CIT,2018-01-10,3570.00,3575.00,3499.00,3575.00
CIT,2018-01-09,3590.00,3610.00,3580.00,3580.00
CIT,2018-01-08,3590.00,3600.00,3580.00,3580.00
CIT,2018-01-07,3540.00,3600.00,3535.00,3565.00
CIT,2018-01-04,3515.00,3530.00,3510.00,3520.00
CIT,2018-01-03,3501.00,3505.00,3497.00,3505.00
CIT,2018-01-02,3531.00,3565.00,3530.00,3532.00
CIT,2018-01-01,3554.00,3554.00,3490.00,3554.00
CIT,2017-12-31,3455.00,3503.00,3455.00,3489.00
CIT,2017-12-28,3470.00,3515.00,3460.00,3485.00
CIT,2017-12-27,3501.00,3599.00,3485.00,3496.00
CIT,2017-12-26,3610.00,3552.00,3511.00,3511.00
CIT,2017-12-24,3610.00,3640.00,3600.00,3610.00
CIT,2017-12-21,3600.00,3615.00,3590.00,3610.00
CIT,2017-12-20,3620.00,3640.00,3615.00,3625.00
CIT,2017-12-19,3650.00,3650.00,3621.00,3622.00
CIT,2017-12-18,3600.00,3655.00,3600.00,3650.00
CIT,2017-12-17,3600.00,3601.00,3595.00,3600.00
CIT,2017-12-14,3552.00,3552.00,3552.00,3552.00
CIT,2017-12-13,3590.00,3599.00,3585.00,3599.00
CIT,2017-12-12,3610.00,3610.00,3590.00,3590.00
CIT,2017-12-11,3611.00,3611.00,3610.00,3611.00
CIT,2017-12-10,3650.00,3650.00,3610.00,3610.00
CIT,2017-12-06,3601.00,3650.00,3601.00,3650.00
CIT,2017-12-05,3605.00,3630.00,3600.00,3601.00
CIT,2017-12-04,3630.00,3630.00,3600.00,3615.00
CIT,2017-11-30,3650.00,3650.00,3610.00,3625.00
CIT,2017-11-29,3700.00,3700.00,3635.00,3650.00
CIT,2017-11-28,3640.00,3650.00,3635.00,3635.00
CIT,2017-11-27,3675.00,3690.00,3640.00,3640.00
CIT,2017-11-26,3590.00,3800.00,3590.00,3610.00
CIT,2017-11-23,3521.00,3590.00,3521.00,3590.00
CIT,2017-11-22,3512.00,3530.00,3512.00,3521.00
CIT,2017-11-21,3535.00,3555.00,3515.00,3520.00
CIT,2017-11-20,3540.00,3560.00,3519.00,3521.00
CIT,2017-11-19,3552.00,3537.00,3535.00,3535.00
CIT,2017-11-16,3550.00,3600.00,3550.00,3552.00
CIT,2017-11-15,3590.00,3590.00,3570.00,3570.00
CIT,2017-11-14,3660.00,3690.00,3640.00,3642.00
CIT,2017-11-13,3590.00,3661.00,3590.00,3615.00
CIT,2017-11-12,3575.00,3590.00,3550.00,3590.00
CIT,2017-11-09,3630.00,3630.00,3560.00,3576.00
CIT,2017-11-08,3605.00,3630.00,3561.00,3630.00
CIT,2017-11-07,3750.00,3750.00,3670.00,3670.00
CIT,2017-11-06,3660.00,3750.00,3645.00,3750.00
CIT,2017-11-05,3650.00,3675.00,3650.00,3660.00
CIT,2017-11-02,3680.00,3680.00,3650.00,3670.00
CIT,2017-11-01,3660.00,3665.00,3650.00,3660.00
CIT,2017-10-31,3680.00,3685.00,3661.00,3661.00
CIT,2017-10-30,3675.00,3675.00,3661.00,3668.00
CIT,2017-10-29,3730.00,3734.00,3685.00,3690.00
CIT,2017-10-25,3700.00,3725.00,3700.00,3707.00
CIT,2017-10-24,3740.00,3740.00,3710.00,3716.00
CIT,2017-10-23,3800.00,3760.00,3740.00,3740.00
CIT,2017-10-22,3820.00,3820.00,3700.00,3800.00
CIT,2017-10-18,3770.00,3770.00,3730.00,3769.00
CIT,2017-10-17,3730.00,3750.00,3701.00,3701.00
CIT,2017-10-16,3750.00,3750.00,3699.00,3720.00
CIT,2017-10-15,3700.00,3700.00,3679.00,3700.00
CIT,2017-10-12,3698.00,3698.00,3656.00,3679.00
CIT,2017-10-11,3640.00,3679.00,3640.00,3679.00
CIT,2017-10-10,3625.00,3736.00,3625.00,3665.00
CIT,2017-10-09,3605.00,3625.00,3580.00,3611.00
CIT,2017-10-08,3700.00,3700.00,3600.00,3650.00
CIT,2017-10-04,3750.00,3750.00,3750.00,3750.00
CIT,2017-10-03,3800.00,3800.00,3770.00,3770.00
CIT,2017-09-26,3750.00,3755.00,3735.00,3750.00
CIT,2017-09-25,3700.00,3745.00,3700.00,3745.00
CIT,2017-09-24,3670.00,3710.00,3670.00,3709.00
CIT,2017-09-20,3662.00,3670.00,3651.00,3670.00
CIT,2017-09-18,3700.00,3700.00,3640.00,3659.00
CIT,2017-09-17,3800.00,3800.00,3700.00,3700.00
CIT,2017-09-14,3550.00,3729.00,3550.00,3729.00
CIT,2017-09-13,3450.00,3549.00,3450.00,3549.00
CIT,2017-09-12,3505.00,3515.00,3440.00,3440.00
CIT,2017-09-11,3530.00,3590.00,3525.00,3570.00
CIT,2017-09-10,3640.00,3640.00,3540.00,3579.00
CIT,2017-09-07,3650.00,3652.00,3640.00,3650.00
CIT,2017-09-06,3756.00,3756.00,3681.00,3682.00
CIT,2017-09-04,3685.00,3745.00,3600.00,3680.00
CIT,2017-08-31,3741.00,3750.00,3667.00,3680.00
CIT,2017-08-30,3778.00,3800.00,3731.00,3741.00
CIT,2017-08-28,3801.00,3801.00,3770.00,3778.00
CIT,2017-08-27,3850.00,3850.00,3825.00,3825.00
CIT,2017-08-24,3835.00,3885.00,3800.00,3850.00
CIT,2017-08-23,3856.00,3860.00,3830.00,3836.00
CIT,2017-08-22,3820.00,3885.00,3820.00,3851.00
CIT,2017-08-21,3860.00,3875.00,3850.00,3875.00
CIT,2017-08-20,3900.00,3900.00,3865.00,3867.00
CIT,2017-08-17,3938.00,3950.00,3900.00,3905.00
CIT,2017-08-16,3960.00,3965.00,3921.00,3921.00
CIT,2017-08-15,3978.00,3980.00,3922.00,3950.00
CIT,2017-08-13,3959.00,4100.00,3920.00,3978.00
CIT,2017-08-10,4652.00,4750.00,4600.00,4730.00
CIT,2017-08-09,4700.00,4770.00,4695.00,4700.00
CIT,2017-08-07,4650.00,4750.00,4630.00,4740.00
CIT,2017-08-06,4650.00,4651.00,4510.00,4585.00
CIT,2017-08-03,4650.00,4857.00,4570.00,4650.00
CIT,2017-08-02,4200.00,4500.00,4167.00,4490.00
CIT,2017-08-01,4100.00,4145.00,4100.00,4125.00
CIT,2017-07-31,4040.00,4171.00,4040.00,4070.00
CIT,2017-07-30,4025.00,4025.00,4000.00,4001.00
CIT,2017-07-27,4000.00,4001.00,4000.00,4000.00
CIT,2017-07-26,4000.00,4020.00,3970.00,4000.00
CIT,2017-07-25,4000.00,4000.00,3970.00,3995.00
CIT,2017-07-24,3910.00,3960.00,3910.00,3960.00
CIT,2017-07-23,3921.00,3921.00,3901.00,3906.00
CIT,2017-07-20,3950.00,3975.00,3942.00,3950.00
CIT,2017-07-19,4035.00,4035.00,3920.00,3920.00
CIT,2017-07-18,4050.00,4050.00,3980.00,3980.00
CIT,2017-07-17,4045.00,4045.00,4000.00,4000.00
CIT,2017-07-16,3900.00,3980.00,3900.00,3979.00
CIT,2017-07-13,3880.00,3880.00,3852.00,3880.00
CIT,2017-07-12,4098.00,4098.00,3900.00,3928.00
CIT,2017-07-11,4041.00,4099.00,4040.00,4099.00
CIT,2017-07-10,4081.00,4081.00,4040.00,4041.00
CIT,2017-07-09,4100.00,4110.00,4010.00,4080.00
CIT,2017-07-06,4075.00,4075.00,4065.00,4065.00
CIT,2017-07-05,4000.00,4090.00,4000.00,4040.00
CIT,2017-07-04,4000.00,4016.00,4000.00,4015.00
CIT,2017-07-03,4030.00,4030.00,4000.00,4008.00
CIT,2017-07-02,4070.00,4070.00,4030.00,4030.00
CIT,2017-06-28,4100.00,4104.00,4070.00,4100.00
CIT,2017-06-27,4110.00,4110.00,4035.00,4070.00
CIT,2017-06-25,4175.00,4175.00,4085.00,4100.00
CIT,2017-06-22,4100.00,4125.00,4090.00,4095.00
CIT,2017-06-21,4060.00,4109.00,4040.00,4075.00
CIT,2017-06-20,4100.00,4110.00,4060.00,4068.00
CIT,2017-06-19,4100.00,4100.00,4038.00,4038.00
CIT,2017-06-18,4101.00,4120.00,4062.00,4120.00
CIT,2017-06-15,4150.00,4150.00,4100.00,4101.00
CIT,2017-06-14,4050.00,4131.00,4050.00,4081.00
CIT,2017-06-13,4080.00,4138.00,4080.00,4106.00
CIT,2017-06-12,4032.00,4080.00,4025.00,4080.00
CIT,2017-06-11,4115.00,4131.00,4050.00,4099.00
CIT,2017-06-08,4150.00,4150.00,4100.00,4150.00
CIT,2017-06-07,4210.00,4210.00,4121.00,4190.00
CIT,2017-06-06,4135.00,4190.00,4135.00,4190.00
CIT,2017-06-05,4150.00,4170.00,4130.00,4145.00
CIT,2017-06-04,4150.00,4150.00,4100.00,4150.00
CIT,2017-06-01,4151.00,4170.00,4130.00,4131.00
CIT,2017-05-22,4050.00,4065.00,4050.00,4060.00
CIT,2017-05-21,4090.00,4090.00,4000.00,4035.00
CIT,2017-05-18,4020.00,4100.00,4020.00,4100.00
CIT,2017-05-17,4001.00,4020.00,4001.00,4020.00
CIT,2017-05-16,4090.00,4090.00,4022.00,4030.00
CIT,2017-05-15,4100.00,4100.00,4025.00,4080.00
CIT,2017-05-11,4000.00,4030.00,3980.00,4030.00
CIT,2017-05-09,3980.00,3985.00,3975.00,3980.00
CIT,2017-05-08,3950.00,3980.00,3950.00,3980.00
CIT,2017-05-07,3989.00,3989.00,3905.00,3905.00
CIT,2017-05-04,4000.00,4000.00,3989.00,3989.00
CIT,2017-05-03,4029.00,4030.00,3952.00,4000.00
CIT,2017-05-02,4006.00,4050.00,3896.00,3950.00
CIT,2017-04-30,4044.00,4044.00,3965.00,3975.00
CIT,2017-04-27,4000.00,4048.00,4000.00,4040.00
CIT,2017-04-26,4000.00,4000.00,3960.00,4000.00
CIT,2017-04-25,4010.00,4010.00,3980.00,3980.00
CIT,2017-04-24,4040.00,4040.00,4000.00,4008.00
CIT,2017-04-23,3900.00,4051.00,3978.00,3995.00
CIT,2017-04-20,4029.00,4029.00,3900.00,3900.00
CIT,2017-04-19,3855.00,3990.00,3920.00,3950.00
CIT,2017-04-18,3822.00,3874.00,3734.00,3855.00
CIT,2017-04-16,3975.00,3975.00,3900.00,3901.00
CIT,2017-04-13,3942.00,4005.00,3940.00,3969.00
CIT,2017-04-12,4050.00,4130.00,4020.00,4040.00
CIT,2017-04-11,4000.00,4079.00,4000.00,4000.00
CIT,2017-04-10,3971.00,4020.00,3971.00,4000.00
CIT,2017-04-09,4013.00,4013.00,3960.00,3970.00
CIT,2017-04-06,3935.00,4000.00,3900.00,3935.00
CIT,2017-04-04,3900.00,4045.00,3881.00,3935.00
CIT,2017-04-03,4100.00,4223.00,3920.00,3925.00
CIT,2017-04-02,4039.00,4080.00,4039.00,4060.00
CIT,2017-03-30,3870.00,3960.00,3800.00,3960.00
CIT,2017-03-29,4003.00,4083.00,3870.00,3870.00
CIT,2017-03-28,3700.00,4003.00,3774.00,4003.00
CIT,2017-03-26,3585.00,3794.00,3580.00,3700.00
CIT,2017-03-23,3505.00,3560.00,3450.00,3515.00
CIT,2017-03-22,3450.00,3656.00,3450.00,3502.00
CIT,2017-03-21,3371.00,3450.00,3270.00,3447.00
CIT,2017-03-20,3300.00,3390.00,3299.00,3371.00
CIT,2017-03-19,3200.00,3272.00,3190.00,3251.00
CIT,2017-03-16,3200.00,3200.00,3190.00,3199.00
CIT,2017-03-15,3199.00,3200.00,3199.00,3200.00
CIT,2017-03-14,3150.00,3160.00,3140.00,3141.00
CIT,2017-03-13,3150.00,3190.00,3150.00,3150.00
CIT,2017-03-09,3200.00,3200.00,3150.00,3151.00
CIT,2017-03-07,3150.00,3150.00,3112.00,3150.00
CIT,2017-03-06,3200.00,3209.00,3145.00,3150.00
CIT,2017-03-05,3140.00,3220.00,3140.00,3180.00
CIT,2017-03-02,3080.00,3130.00,3080.00,3120.00
CIT,2017-03-01,3094.00,3130.00,3050.00,3068.00
CIT,2017-02-28,3050.00,3105.00,3046.00,3094.00
CIT,2017-02-26,3151.00,3151.00,3000.00,3090.00
CIT,2017-02-23,3230.00,3230.00,3180.00,3180.00
CIT,2017-02-22,3170.00,3260.00,3166.00,3200.00
CIT,2017-02-21,3366.00,3366.00,3133.00,3233.00
CIT,2017-02-20,3430.00,3498.00,3211.00,3300.00
CIT,2017-02-19,3140.00,3432.00,3100.00,3365.00
CIT,2017-02-16,3005.00,3120.00,3000.00,3106.00
CIT,2017-02-15,2950.00,3005.00,2911.00,3005.00
CIT,2017-02-14,2965.00,2965.00,2850.00,2900.00
CIT,2017-02-13,2900.00,3009.00,2860.00,2920.00
CIT,2017-02-12,2965.00,3000.00,2922.00,2955.00
CIT,2017-02-09,3050.00,3098.00,2930.00,3021.00
CIT,2017-02-08,3159.00,3159.00,3050.00,3080.00
CIT,2017-02-07,3116.00,3160.00,3105.00,3160.00
CIT,2017-02-06,3202.00,3230.00,3160.00,3161.00
CIT,2017-02-05,3300.00,3350.00,3251.00,3255.00
CIT,2017-02-02,3440.00,3447.00,3265.00,3280.00
CIT,2017-02-01,3274.00,3380.00,3175.00,3380.00
CIT,2017-01-31,3039.00,3290.00,3039.00,3210.00
CIT,2017-01-30,3380.00,3380.00,3101.00,3101.00
CIT,2017-01-26,3436.00,3504.00,3401.00,3445.00
CIT,2017-01-25,3650.00,3650.00,3504.00,3504.00
CIT,2017-01-24,3800.00,3800.00,3724.00,3725.00
CIT,2017-01-23,3876.00,3876.00,3876.00,3876.00
CIT,2017-01-22,3775.00,3800.00,3724.00,3800.00
CIT,2017-01-19,3865.00,3865.00,3785.00,3850.00
CIT,2017-01-18,3820.00,3820.00,3745.00,3790.00
CIT,2017-01-17,3875.00,3875.00,3820.00,3820.00
CIT,2017-01-16,3860.00,3890.00,3860.00,3875.00
CIT,2017-01-15,3899.00,3899.00,3835.00,3860.00
CIT,2017-01-12,3850.00,3899.00,3800.00,3899.00
CIT,2017-01-11,3819.00,3875.00,3760.00,3875.00
CIT,2017-01-10,3700.00,3774.00,3700.00,3745.00
CIT,2017-01-09,3700.00,3699.00,3698.00,3699.00
CIT,2017-01-08,3650.00,3680.00,3625.00,3635.00
CIT,2017-01-05,3695.00,3700.00,3681.00,3681.00
CIT,2017-01-04,3700.00,3720.00,3675.00,3680.00
CIT,2017-01-03,3715.00,3715.00,3715.00,3715.00
CIT,2017-01-02,3720.00,3730.00,3690.00,3705.00
CIT,2017-01-01,3740.00,3740.00,3690.00,3700.00
CIT,2016-12-29,3569.00,3750.00,3569.00,3740.00
CIT,2016-12-28,3460.00,3595.00,3405.00,3500.00
CIT,2016-12-27,3535.00,3605.00,3470.00,3470.00
CIT,2016-12-26,3700.00,3700.00,3605.00,3605.00
CIT,2016-12-22,3725.00,3798.00,3725.00,3753.00
CIT,2016-12-21,3869.00,3869.00,3715.00,3798.00
CIT,2016-12-20,3910.00,3910.00,3830.00,3841.00
CIT,2016-12-19,3930.00,3950.00,3900.00,3915.00
CIT,2016-12-18,3905.00,3930.00,3900.00,3913.00
CIT,2016-12-15,3900.00,3945.00,3900.00,3945.00
CIT,2016-12-14,3900.00,3940.00,3900.00,3920.00
CIT,2016-12-12,3850.00,3920.00,3845.00,3920.00
CIT,2016-12-11,3908.00,3921.00,3908.00,3920.00
CIT,2016-12-08,3910.00,3987.00,3910.00,3987.00
CIT,2016-12-07,4129.00,4129.00,3980.00,3980.00
CIT,2016-12-06,4029.00,4109.00,4027.00,4049.00
CIT,2016-12-05,4010.00,4010.00,3950.00,3952.00
CIT,2016-12-04,4155.00,4160.00,4010.00,4010.00
CIT,2016-12-01,4250.00,4260.00,4150.00,4155.00
CIT,2016-11-30,4100.00,4233.00,4000.00,4233.00
CIT,2016-11-29,3912.00,4140.00,3865.00,4058.00
CIT,2016-11-28,3775.00,3990.00,3560.00,3990.00
CIT,2016-11-27,4000.00,4000.00,3769.00,3850.00
CIT,2016-11-24,4080.00,4131.00,3900.00,4080.00
CIT,2016-11-23,4015.00,4015.00,3929.00,4000.00
CIT,2016-11-22,4200.00,4200.00,4090.00,4090.00
CIT,2016-11-21,4150.00,4250.00,4030.00,4250.00
CIT,2016-11-20,4430.00,4430.00,4100.00,4100.00
CIT,2016-11-17,4490.00,4490.00,4435.00,4490.00
CIT,2016-11-16,4601.00,4601.00,4500.00,4525.00
CIT,2016-11-15,4595.00,4595.00,4500.00,4511.00
CIT,2016-11-14,4450.00,4620.00,4450.00,4518.00
CIT,2016-11-13,4400.00,4450.00,4400.00,4450.00
CIT,2016-11-10,4465.00,4465.00,4360.00,4400.00
CIT,2016-11-09,4480.00,4480.00,4465.00,4465.00
CIT,2016-11-08,4570.00,4570.00,4550.00,4550.00
CIT,2016-11-07,4550.00,4570.00,4550.00,4570.00
CIT,2016-11-03,4645.00,4645.00,4553.00,4553.00
CIT,2016-10-27,4600.00,4600.00,4565.00,4565.00
CIT,2016-10-26,4560.00,4600.00,4550.00,4600.00
CIT,2016-10-25,4550.00,4600.00,4550.00,4600.00
CIT,2016-10-24,4515.00,4620.00,4500.00,4605.00
CIT,2016-10-23,4551.00,4610.00,4550.00,4575.00
CIT,2016-10-20,4600.00,4601.00,4600.00,4601.00
CIT,2016-10-19,4570.00,4641.00,4550.00,4641.00
CIT,2016-10-18,4655.00,4660.00,4655.00,4660.00
CIT,2016-10-17,4650.00,4660.00,4601.00,4660.00
CIT,2016-10-16,4655.00,4680.00,4655.00,4680.00
CIT,2016-10-06,4710.00,4800.00,4710.00,4750.00
CIT,2016-10-05,4650.00,4743.00,4650.00,4743.00
CIT,2016-10-04,4750.00,4765.00,4700.00,4705.00
CIT,2016-10-03,4692.00,4710.00,4670.00,4710.00
CIT,2016-10-02,4550.00,4600.00,4550.00,4600.00
CIT,2016-09-29,4599.00,4599.00,4550.00,4561.00
CIT,2016-09-28,4500.00,4589.00,4500.00,4589.00
CIT,2016-09-27,4690.00,4770.00,4580.00,4580.00
CIT,2016-09-26,4580.00,4599.00,4580.00,4599.00
CIT,2016-09-25,4560.00,4560.00,4430.00,4500.00
CIT,2016-09-22,4600.00,4615.00,4585.00,4590.00
CIT,2016-09-21,4650.00,4715.00,4631.00,4660.00
CIT,2016-09-20,4725.00,4725.00,4675.00,4675.00
CIT,2016-09-18,4765.00,4765.00,4745.00,4755.00
CIT,2016-09-14,4765.00,4798.00,4755.00,4765.00
CIT,2016-09-12,4800.00,4800.00,4765.00,4765.00
CIT,2016-09-11,4800.00,4800.00,4770.00,4800.00
CIT,2016-09-08,4850.00,4855.00,4800.00,4806.00
CIT,2016-09-07,4900.00,4915.00,4900.00,4915.00
CIT,2016-09-06,4970.00,4970.00,4850.00,4925.00
CIT,2016-09-05,4875.00,4885.00,4850.00,4885.00
CIT,2016-09-04,4899.00,4899.00,4850.00,4851.00
CIT,2016-09-01,4900.00,4990.00,4860.00,4899.00
CIT,2016-08-31,4770.00,4895.00,4770.00,4895.00
CIT,2016-08-30,4850.00,4869.00,4840.00,4860.00
CIT,2016-08-29,4800.00,4870.00,4800.00,4870.00
CIT,2016-08-28,4690.00,4800.00,4675.00,4800.00
CIT,2016-08-24,4500.00,4620.00,4482.00,4620.00
CIT,2016-08-23,4550.00,4600.00,4430.00,4500.00
CIT,2016-08-22,4750.00,4750.00,4500.00,4580.00
CIT,2016-08-21,4877.00,4877.00,4710.00,4730.00
CIT,2016-08-17,4900.00,4905.00,4850.00,4850.00
CIT,2016-08-16,4850.00,4900.00,4803.00,4900.00
CIT,2016-08-15,4800.00,4901.00,4706.00,4901.00
CIT,2016-08-14,4850.00,4876.00,4850.00,4860.00
CIT,2016-08-11,5020.00,5020.00,4925.00,4925.00
CIT,2016-08-10,5026.00,5026.00,4900.00,4900.00
CIT,2016-08-09,4832.00,4928.00,4928.00,4928.00
CIT,2016-08-08,5030.00,4930.00,4832.00,4832.00
CIT,2016-08-07,5000.00,5100.00,4991.00,5030.00
CIT,2016-08-04,5125.00,5095.00,4950.00,5000.00
CIT,2016-08-03,5250.00,5215.00,5125.00,5125.00
CIT,2016-08-02,5220.00,5250.00,5150.00,5250.00
CIT,2016-08-01,5200.00,5220.00,5175.00,5220.00
CIT,2016-07-31,5301.00,5301.00,5200.00,5200.00
CIT,2016-07-28,5220.00,5360.00,5200.00,5301.00
CIT,2016-07-27,5280.00,5289.00,5201.00,5220.00
CIT,2016-07-26,5280.00,5375.00,5210.00,5280.00
CIT,2016-07-25,5250.00,5280.00,5200.00,5280.00
CIT,2016-07-21,5250.00,5250.00,5250.00,5250.00
CIT,2016-07-20,5250.00,5250.00,5200.00,5240.00
CIT,2016-07-19,5250.00,5300.00,5201.00,5270.00
CIT,2016-07-18,5210.00,5222.00,5120.00,5222.00
CIT,2016-07-17,5145.00,5230.00,5140.00,5210.00
CIT,2016-07-14,5217.00,5250.00,5145.00,5245.00
CIT,2016-07-13,5200.00,5290.00,5050.00,5115.00
CIT,2016-07-12,5350.00,5315.00,5050.00,5200.00
CIT,2016-07-11,5385.00,5385.00,5350.00,5350.00
CIT,2016-07-10,5320.00,5390.00,5300.00,5390.00
CIT,2016-07-06,5250.00,5400.00,5146.00,5320.00
CIT,2016-07-05,5440.00,5610.00,5250.00,5300.00
CIT,2016-07-04,4960.00,5456.00,5000.00,5440.00
CIT,2016-07-03,4600.00,5060.00,4600.00,4960.00
CIT,2016-06-30,4510.00,4600.00,4500.00,4600.00
CIT,2016-06-29,4501.00,4510.00,4425.00,4510.00
CIT,2016-06-28,4500.00,4520.00,4425.00,4501.00
CIT,2016-06-27,4400.00,4520.00,4450.00,4500.00
CIT,2016-06-26,4350.00,4437.00,4400.00,4400.00
CIT,2016-06-23,4435.00,4400.00,4350.00,4350.00
CIT,2016-06-22,4400.00,4450.00,4390.00,4435.00
CIT,2016-06-21,4399.00,4410.00,4350.00,4350.00
CIT,2016-06-20,4400.00,4399.00,4350.00,4399.00
CIT,2016-06-19,4430.00,4420.00,4400.00,4400.00
CIT,2016-06-16,4450.00,4450.00,4390.00,4430.00
CIT,2016-06-15,4405.00,4450.00,4405.00,4410.00
CIT,2016-06-14,4473.00,4473.00,4400.00,4400.00
CIT,2016-06-13,4400.00,4400.00,4350.00,4400.00
CIT,2016-06-12,4400.00,4450.00,4350.00,4400.00
CIT,2016-06-09,4400.00,4400.00,4350.00,4400.00
CIT,2016-06-08,4360.00,4400.00,4400.00,4400.00
CIT,2016-06-07,4386.00,4386.00,4360.00,4360.00
CIT,2016-06-06,4300.00,4300.00,4300.00,4300.00
CIT,2016-06-05,4350.00,4300.00,4264.00,4275.00
CIT,2016-06-02,4400.00,4400.00,4350.00,4350.00
CIT,2016-06-01,4400.00,4410.00,4350.00,4410.00
CIT,2016-05-31,4488.00,4420.00,4350.00,4400.00
CIT,2016-05-30,4351.00,4488.00,4350.00,4488.00
CIT,2016-05-29,4386.00,4415.00,4330.00,4351.00
CIT,2016-05-26,4300.00,4386.00,4230.00,4386.00
CIT,2016-05-25,4400.00,4400.00,4290.00,4300.00
CIT,2016-05-24,4300.00,4400.00,4300.00,4400.00
CIT,2016-05-23,4340.00,4350.00,4300.00,4300.00
CIT,2016-05-22,4324.00,4390.00,4340.00,4340.00
CIT,2016-05-19,4245.00,4324.00,4250.00,4324.00
CIT,2016-05-18,4170.00,4245.00,4200.00,4245.00
CIT,2016-05-17,4160.00,4200.00,4160.00,4196.00
CIT,2016-05-16,4210.00,4200.00,4160.00,4160.00
CIT,2016-05-15,4230.00,4240.00,4200.00,4220.00
CIT,2016-05-12,4245.00,4250.00,4220.00,4250.00
CIT,2016-05-11,4200.00,4245.00,4205.00,4245.00
CIT,2016-05-10,4220.00,4265.00,4200.00,4200.00
CIT,2016-05-09,4270.00,4270.00,4270.00,4270.00
CIT,2016-05-08,4230.00,4270.00,4230.00,4270.00
CIT,2016-05-05,4265.00,4240.00,4220.00,4220.00
CIT,2016-05-04,4300.00,4265.00,4260.00,4265.00
CIT,2016-05-03,4240.00,4310.00,4226.00,4300.00
CIT,2016-05-02,4301.00,4310.00,4240.00,4240.00
CIT,2016-04-28,4256.00,4301.00,4245.00,4301.00
CIT,2016-04-27,4305.00,4305.00,4250.00,4256.00
CIT,2016-04-26,4325.00,4315.00,4300.00,4305.00
CIT,2016-04-25,4301.00,4350.00,4300.00,4325.00
CIT,2016-04-24,4420.00,4360.00,4300.00,4301.00
CIT,2016-04-21,4400.00,4420.00,4330.00,4420.00
CIT,2016-04-20,4420.00,4450.00,4350.00,4400.00
CIT,2016-04-19,4500.00,4510.00,4400.00,4420.00
CIT,2016-04-18,4350.00,4500.00,4400.00,4500.00
CIT,2016-04-17,4462.00,4462.00,4350.00,4350.00
CIT,2016-04-14,4300.00,4462.00,4300.00,4462.00
CIT,2016-04-12,4300.00,4300.00,4299.00,4300.00
CIT,2016-04-11,4320.00,4340.00,4300.00,4300.00
CIT,2016-04-10,4300.00,4320.00,4295.00,4320.00
CIT,2016-04-06,4115.00,4365.00,4197.00,4300.00
CIT,2016-04-05,3999.00,4150.00,3999.00,4115.00
CIT,2016-04-04,3900.00,3999.00,3850.00,3985.00
CIT,2016-04-03,3880.00,3910.00,3880.00,3900.00
CIT,2016-03-31,3910.00,3900.00,3880.00,3880.00
CIT,2016-03-30,3825.00,3910.00,3800.00,3910.00
CIT,2016-03-29,3735.00,3825.00,3750.00,3825.00
CIT,2016-03-28,3732.00,3800.00,3725.00,3735.00
CIT,2016-03-27,3750.00,3750.00,3700.00,3732.00
CIT,2016-03-24,3749.00,3760.00,3720.00,3750.00
CIT,2016-03-23,3750.00,3750.00,3725.00,3749.00
CIT,2016-03-21,3750.00,3820.00,3750.00,3755.00
CIT,2016-03-20,3774.00,3900.00,3755.00,3755.00
CIT,2016-03-17,3700.00,3750.00,3680.00,3700.00
CIT,2016-03-16,3640.00,3650.00,3601.00,3635.00
CIT,2016-03-15,3670.00,3670.00,3610.00,3610.00
CIT,2016-03-14,3665.00,3670.00,3640.00,3670.00
CIT,2016-03-10,3705.00,3710.00,3700.00,3700.00
CIT,2016-03-06,3725.00,3725.00,3720.00,3720.00
CIT,2016-03-03,3700.00,3721.00,3700.00,3721.00
CIT,2016-03-02,3700.00,3725.00,3700.00,3725.00
CIT,2016-03-01,3750.00,3750.00,3700.00,3705.00
CIT,2016-02-29,3754.00,3754.00,3720.00,3730.00
CIT,2016-02-28,3544.00,3835.00,3544.00,3754.00
CIT,2016-02-25,4600.00,4785.00,4581.00,4785.00
CIT,2016-02-24,4280.00,4640.00,4280.00,4590.00
CIT,2016-02-23,4300.00,4305.00,4301.00,4305.00
CIT,2016-02-22,4488.00,4700.00,4300.00,4300.00
CIT,2016-02-21,4400.00,4400.00,4370.00,4400.00
CIT,2016-02-17,4340.00,4400.00,4345.00,4400.00
CIT,2016-02-16,4300.00,4349.00,4300.00,4340.00
CIT,2016-02-15,4300.00,4360.00,4300.00,4343.00
CIT,2016-02-14,4300.00,4325.00,4300.00,4320.00
CIT,2016-02-11,4360.00,4300.00,4300.00,4300.00
CIT,2016-02-08,4353.00,4360.00,4300.00,4360.00
CIT,2016-02-07,4355.00,4400.00,4353.00,4353.00
CIT,2016-02-04,4340.00,4355.00,4300.00,4355.00
CIT,2016-02-03,4350.00,4426.00,4295.00,4426.00
CIT,2016-02-02,4360.00,4360.00,4350.00,4350.00
CIT,2016-02-01,4370.00,4380.00,4355.00,4355.00
CIT,2016-01-31,4300.00,4370.00,4300.00,4370.00
CIT,2016-01-28,4300.00,4325.00,4300.00,4310.00
CIT,2016-01-27,4372.00,4350.00,4350.00,4350.00
CIT,2016-01-26,4400.00,4405.00,4372.00,4372.00
CIT,2016-01-25,4470.00,4500.00,4400.00,4400.00
CIT,2016-01-24,4385.00,4405.00,4350.00,4390.00
CIT,2016-01-21,4405.00,4400.00,4382.00,4385.00
CIT,2016-01-20,4435.00,4435.00,4405.00,4405.00
CIT,2016-01-19,4420.00,4440.00,4400.00,4416.00
CIT,2016-01-18,4401.00,4465.00,4401.00,4410.00
CIT,2016-01-17,4450.00,4450.00,4400.00,4400.00
CIT,2016-01-14,4496.00,4495.00,4455.00,4480.00
CIT,2016-01-13,4400.00,4486.00,4450.00,4451.00
CIT,2016-01-12,4300.00,4400.00,4300.00,4400.00
CIT,2016-01-11,4309.00,4325.00,4255.00,4295.00
CIT,2016-01-10,4174.00,4230.00,4200.00,4225.00
CIT,2016-01-07,4150.00,4174.00,4150.00,4174.00
CIT,2016-01-06,4145.00,4200.00,4145.00,4160.00
CIT,2016-01-05,4135.00,4140.00,4110.00,4140.00
CIT,2016-01-04,4105.00,4150.00,4100.00,4135.00
CIT,2016-01-03,4110.00,4125.00,4100.00,4105.00
CIT,2015-12-31,4100.00,4130.00,4091.00,4115.00
CIT,2015-12-29,4132.00,4150.00,4125.00,4125.00
CIT,2015-12-28,4140.00,4175.00,4130.00,4132.00
CIT,2015-12-27,4150.00,4165.00,4140.00,4140.00
CIT,2015-12-24,4150.00,4200.00,4150.00,4152.00
CIT,2015-12-23,4165.00,4200.00,4150.00,4200.00
CIT,2015-12-22,4282.00,4315.00,4120.00,4165.00
CIT,2015-12-21,4200.00,4200.00,4151.00,4199.00
CIT,2015-12-20,4249.00,4250.00,4150.00,4200.00
CIT,2015-12-17,4299.00,4300.00,4240.00,4249.00
CIT,2015-12-16,4399.00,4400.00,4365.00,4365.00
CIT,2015-12-15,4400.00,4400.00,4371.00,4400.00
CIT,2015-12-14,4490.00,4490.00,4390.00,4400.00
CIT,2015-12-13,4550.00,4555.00,4450.00,4450.00
CIT,2015-12-10,4280.00,4510.00,4280.00,4500.00
CIT,2015-12-09,4050.00,4300.00,4050.00,4280.00
CIT,2015-12-08,4000.00,4050.00,4000.00,4050.00
CIT,2015-12-07,4000.00,4010.00,3950.00,4000.00
CIT,2015-12-06,3935.00,4000.00,3885.00,3950.00
CIT,2015-12-03,3790.00,3860.00,3774.00,3860.00
CIT,2015-12-02,3796.00,4094.00,3540.00,3851.00
CIT,2015-03-10,3750.00,3750.00,3700.00,3722.00
CIT,2015-03-09,3699.00,3750.00,3665.00,3750.00
CIT,2015-03-04,3640.00,3699.00,3650.00,3699.00
CIT,2015-03-03,3650.00,3650.00,3600.00,3640.00
CIT,2015-03-02,3650.00,3660.00,3650.00,3650.00
CIT,2015-03-01,3658.00,3650.00,3649.00,3650.00
CIT,2015-02-26,3658.00,3665.00,3658.00,3658.00
CIT,2015-02-25,3610.00,3640.00,3610.00,3638.00
CIT,2015-02-24,3638.00,3610.00,3610.00,3610.00
CIT,2015-02-23,3680.00,3712.00,3638.00,3638.00
CIT,2015-02-22,3750.00,3700.00,3680.00,3680.00
CIT,2015-02-18,3785.00,3790.00,3740.00,3750.00
CIT,2015-02-16,3645.00,3785.00,3690.00,3785.00
CIT,2015-02-15,3580.00,3645.00,3585.00,3645.00
CIT,2015-02-12,3545.00,3580.00,3535.00,3580.00
CIT,2015-02-11,3550.00,3560.00,3540.00,3545.00
CIT,2015-02-10,3576.00,3576.00,3540.00,3550.00
CIT,2015-02-09,3580.00,3610.00,3505.00,3576.00
CIT,2015-02-08,3560.00,3599.00,3530.00,3580.00
CIT,2015-02-05,3603.00,3580.00,3550.00,3560.00
CIT,2015-02-04,3618.00,3603.00,3571.00,3603.00
CIT,2015-02-03,3610.00,3620.00,3592.00,3618.00
CIT,2015-02-02,3610.00,3620.00,3600.00,3610.00
CIT,2015-02-01,3610.00,3650.00,3610.00,3610.00
CIT,2015-01-29,3622.00,3694.00,3599.00,3610.00
CIT,2015-01-28,3510.00,3622.00,3501.00,3622.00
CIT,2015-01-27,3490.00,3537.00,3500.00,3510.00
CIT,2015-01-26,3495.00,3501.00,3466.00,3490.00
CIT,2015-01-25,3490.00,3551.00,3495.00,3495.00
CIT,2015-01-22,3517.00,3520.00,3462.00,3490.00
CIT,2015-01-20,3590.00,3588.00,3449.00,3517.00
CIT,2015-01-19,3495.00,3707.00,3500.00,3590.00
CIT,2015-01-18,3500.00,3640.00,3492.00,3495.00
CIT,2015-01-14,3350.00,3625.00,3343.00,3500.00
CIT,2015-01-13,3101.00,3350.00,3090.00,3350.00
CIT,2015-01-12,3020.00,3173.00,3001.00,3101.00
CIT,2015-01-11,3056.00,3045.00,3015.00,3020.00
CIT,2015-01-08,3000.00,3060.00,3005.00,3056.00
CIT,2015-01-07,3000.00,3015.00,3000.00,3000.00
CIT,2015-01-06,3020.00,3045.00,3000.00,3000.00
CIT,2015-01-05,3035.00,3056.00,2997.00,3020.00
CIT,2015-01-04,2980.00,3035.00,2990.00,3035.00
CIT,2015-01-01,2960.00,3019.00,2980.00,2980.00
CIT,2014-12-31,3000.00,2960.00,2940.00,2960.00
CIT,2014-12-29,3044.00,3020.00,2980.00,3000.00
CIT,2014-12-28,2830.00,3059.00,2886.00,3044.00
CIT,2014-12-24,2877.00,2830.00,2830.00,2830.00
CIT,2014-12-23,2935.00,2935.00,2877.00,2877.00
CIT,2014-12-22,2990.00,2950.00,2925.00,2935.00
CIT,2014-12-21,2958.00,2990.00,2940.00,2990.00
CIT,2014-12-18,2905.00,2958.00,2900.00,2958.00
CIT,2014-12-17,2955.00,2905.00,2905.00,2905.00
CIT,2014-12-16,2960.00,2955.00,2950.00,2955.00
CIT,2014-12-15,2900.00,3034.00,2900.00,2960.00
CIT,2014-12-14,2809.00,3017.00,2822.00,2900.00
CIT,2014-12-11,2805.00,2814.00,2800.00,2809.00
CIT,2014-12-10,2763.00,2811.00,2800.00,2805.00
CIT,2014-12-09,2805.00,2810.00,2763.00,2763.00
CIT,2014-12-08,2805.00,2805.00,2763.00,2805.00
CIT,2014-12-07,2800.00,2830.00,2770.00,2805.00
CIT,2014-12-04,2800.00,2855.00,2800.00,2800.00
CIT,2014-12-03,2790.00,2855.00,2795.00,2800.00
CIT,2014-12-02,2800.00,2820.00,2745.00,2790.00
CIT,2014-12-01,2910.00,2852.00,2795.00,2800.00
CIT,2014-11-30,2950.00,2915.00,2905.00,2910.00
CIT,2014-11-25,2960.00,3009.00,2950.00,2950.00
CIT,2014-11-24,3020.00,2961.00,2902.00,2960.00
CIT,2014-11-23,2990.00,3050.00,3000.00,3020.00
CIT,2014-11-20,2907.00,3020.00,2965.00,2990.00
CIT,2014-11-19,2749.00,2907.00,2750.00,2907.00
CIT,2014-11-18,2900.00,2850.00,2696.00,2749.00
CIT,2014-11-17,2950.00,3000.00,2895.00,2900.00
CIT,2014-11-16,2980.00,2980.00,2925.00,2950.00
CIT,2014-11-13,2961.00,2980.00,2980.00,2980.00
CIT,2014-11-12,3000.00,3025.00,2961.00,2961.00
CIT,2014-11-11,2947.00,3000.00,2990.00,3000.00
CIT,2014-11-10,3000.00,2970.00,2940.00,2947.00
CIT,2014-11-09,2950.00,3005.00,2970.00,3000.00
CIT,2014-11-06,2999.00,3000.00,2950.00,2950.00
CIT,2014-11-05,2950.00,3010.00,2999.00,2999.00
CIT,2014-11-04,3030.00,3001.00,2930.00,2950.00
CIT,2014-11-03,3100.00,3060.00,3030.00,3030.00
CIT,2014-11-02,3160.00,3162.00,3100.00,3100.00
CIT,2014-10-30,3101.00,3160.00,3076.00,3160.00
CIT,2014-10-28,3150.00,3120.00,3100.00,3101.00
CIT,2014-10-27,3110.00,3150.00,3090.00,3150.00
CIT,2014-10-26,3060.00,3110.00,3092.00,3110.00
CIT,2014-10-22,3050.00,3070.00,3040.00,3060.00
CIT,2014-10-21,3032.00,3050.00,3020.00,3050.00
CIT,2014-10-20,3130.00,3070.00,3031.00,3032.00
CIT,2014-10-19,3100.00,3130.00,3075.00,3130.00
CIT,2014-10-16,3150.00,3150.00,3100.00,3100.00
CIT,2014-10-15,3000.00,3150.00,2995.00,3150.00
CIT,2014-10-14,2950.00,3000.00,2950.00,3000.00
CIT,2014-10-13,3000.00,3000.00,2950.00,2950.00
CIT,2014-10-12,3015.00,3000.00,3000.00,3000.00
CIT,2014-10-09,2980.00,3030.00,2985.00,3015.00
CIT,2014-10-08,2970.00,2980.00,2970.00,2980.00
CIT,2014-09-30,3005.00,3126.00,2960.00,2970.00
CIT,2014-09-29,2930.00,3005.00,2950.00,3005.00
CIT,2014-09-28,2880.00,2935.00,2900.00,2930.00
CIT,2014-09-24,2927.00,2880.00,2880.00,2880.00
CIT,2014-09-23,2760.00,2927.00,2815.00,2927.00
CIT,2014-09-22,2814.00,2760.00,2760.00,2760.00
CIT,2014-09-21,2871.00,2814.00,2814.00,2814.00
CIT,2014-09-18,2871.00,2970.00,2871.00,2871.00
CIT,2014-09-17,2998.00,2999.00,2910.00,2910.00
CIT,2014-09-16,2947.00,3000.00,2905.00,2998.00
CIT,2014-09-15,2890.00,2947.00,2890.00,2947.00
CIT,2014-09-14,2950.00,2892.00,2890.00,2890.00
CIT,2014-09-11,2944.00,2950.00,2895.00,2950.00
CIT,2014-09-10,2876.00,2944.00,2890.00,2944.00
CIT,2014-09-09,2800.00,2910.00,2820.00,2876.00
CIT,2014-09-07,2995.00,2936.00,2800.00,2800.00
CIT,2014-09-04,3075.00,3075.00,2995.00,2995.00
CIT,2014-09-03,3069.00,3089.00,3075.00,3075.00
CIT,2014-09-01,3025.00,3069.00,2907.00,3069.00
CIT,2014-08-31,3200.00,3264.00,3019.00,3025.00
CIT,2014-08-28,3140.00,3320.00,3200.00,3200.00
CIT,2014-08-27,2950.00,3140.00,3009.00,3140.00
CIT,2014-08-26,3017.00,3017.00,2950.00,2950.00
CIT,2014-08-25,3140.00,3078.00,3017.00,3017.00
CIT,2014-08-24,3160.00,3200.00,3140.00,3140.00
CIT,2014-08-21,3100.00,3160.00,2940.00,3160.00
CIT,2014-08-20,3185.00,3185.00,3070.00,3100.00
CIT,2014-08-19,3140.00,3185.00,3080.00,3185.00
CIT,2014-08-18,3275.00,3270.00,3100.00,3140.00
CIT,2014-08-14,3235.00,3275.00,3251.00,3275.00
CIT,2014-08-13,3350.00,3300.00,3235.00,3235.00
CIT,2014-08-12,3350.00,3350.00,3350.00,3350.00
CIT,2014-08-07,3360.00,3350.00,3309.00,3350.00
CIT,2014-08-06,3390.00,3405.00,3360.00,3360.00
CIT,2014-08-05,3380.00,3390.00,3380.00,3390.00
CIT,2014-08-04,3529.00,3529.00,3380.00,3380.00
CIT,2014-08-03,3502.00,3530.00,3475.00,3529.00
CIT,2014-07-31,3590.00,3522.00,3500.00,3502.00
CIT,2014-07-30,3550.00,3590.00,3550.00,3590.00
CIT,2014-07-27,3600.00,3600.00,3550.00,3550.00
CIT,2014-07-24,3672.00,3650.00,3600.00,3600.00
CIT,2014-07-23,3600.00,3672.00,3600.00,3672.00
CIT,2014-07-22,3724.00,3724.00,3600.00,3600.00
CIT,2014-07-21,3577.00,3850.00,3648.00,3724.00
CIT,2014-07-20,3519.00,3650.00,3500.00,3577.00
CIT,2014-07-17,3390.00,3519.00,3450.00,3519.00
CIT,2014-07-16,3600.00,3600.00,3390.00,3390.00
CIT,2014-07-15,3651.00,3601.00,3600.00,3600.00
CIT,2014-07-14,3709.00,3690.00,3651.00,3651.00
CIT,2014-07-13,3710.00,3784.00,3709.00,3709.00
CIT,2014-07-10,3700.00,3710.00,3695.00,3710.00
CIT,2014-07-09,3700.00,3700.00,3700.00,3700.00
CIT,2014-07-08,3578.00,3712.00,3600.00,3700.00
CIT,2014-07-07,3800.00,3724.00,3578.00,3578.00
CIT,2014-07-06,3770.00,3845.00,3800.00,3800.00
CIT,2014-07-03,3432.00,3770.00,3500.00,3770.00
CIT,2014-07-02,4680.00,3432.00,3182.00,3432.00
CIT,2014-07-01,4655.00,4777.00,4630.00,4680.00
CIT,2014-06-30,4480.00,4655.00,4490.00,4655.00
CIT,2014-06-29,4600.00,4625.00,4410.00,4480.00
CIT,2014-06-26,4890.00,4800.00,4575.00,4600.00
CIT,2014-06-25,5000.00,4950.00,4850.00,4890.00
CIT,2014-06-24,4851.00,5000.00,4810.00,5000.00
CIT,2014-06-23,4550.00,5005.00,4640.00,4851.00
CIT,2014-06-19,4390.00,4550.00,4401.00,4550.00
CIT,2014-06-18,4508.00,4500.00,4360.00,4390.00
CIT,2014-06-17,4400.00,4508.00,4399.00,4508.00
CIT,2014-06-16,4550.00,4500.00,4400.00,4400.00
CIT,2014-06-15,4559.00,4550.00,4500.00,4550.00
CIT,2014-06-12,4475.00,4559.00,4475.00,4559.00
CIT,2014-06-11,4430.00,4535.00,4445.00,4475.00
CIT,2014-06-10,4500.00,4580.00,4400.00,4430.00
CIT,2014-06-09,4200.00,4620.00,4226.00,4500.00
CIT,2014-06-08,4089.00,4200.00,4100.00,4200.00
CIT,2014-06-05,3960.00,4089.00,3950.00,4089.00
CIT,2014-06-04,3970.00,3998.00,3920.00,3960.00
CIT,2014-06-03,3950.00,3970.00,3920.00,3970.00
CIT,2014-06-02,3900.00,3950.00,3890.00,3950.00
CIT,2014-06-01,3900.00,3930.00,3900.00,3900.00
CIT,2014-05-28,3890.00,3940.00,3890.00,3900.00
CIT,2014-05-27,3855.00,3890.00,3826.00,3890.00
CIT,2014-05-26,3895.00,3896.00,3840.00,3855.00
CIT,2014-05-25,3849.00,3993.00,3895.00,3895.00
CIT,2014-05-22,3651.00,3873.00,3710.00,3849.00
CIT,2014-05-21,3630.00,3723.00,3605.00,3651.00
CIT,2014-05-20,3610.00,3630.00,3601.00,3630.00
CIT,2014-05-19,3650.00,3610.00,3610.00,3610.00
CIT,2014-05-18,3650.00,3650.00,3610.00,3650.00
CIT,2014-05-15,3700.00,3650.00,3605.00,3650.00
CIT,2014-05-13,3849.00,3773.00,3698.00,3700.00
CIT,2014-05-12,3895.00,3849.00,3849.00,3849.00
CIT,2014-05-08,3900.00,3900.00,3840.00,3895.00
CIT,2014-05-07,3900.00,3900.00,3900.00,3900.00
CIT,2014-05-06,3960.00,3900.00,3900.00,3900.00
CIT,2014-05-04,3850.00,3960.00,3900.00,3960.00
CIT,2014-04-30,3820.00,3850.00,3785.00,3850.00
CIT,2014-04-29,3740.00,3820.00,3770.00,3820.00
CIT,2014-04-28,3725.00,3775.00,3725.00,3740.00
CIT,2014-04-27,3550.00,3725.00,3600.00,3725.00
CIT,2014-04-23,3477.00,3610.00,3500.00,3550.00
CIT,2014-04-22,3430.00,3477.00,3440.00,3477.00
CIT,2014-04-21,3380.00,3450.00,3379.00,3430.00
CIT,2014-04-20,3400.00,3380.00,3360.00,3380.00
CIT,2014-04-17,3366.00,3468.00,3400.00,3400.00
CIT,2014-04-16,3366.00,3366.00,3365.00,3366.00
CIT,2014-04-15,3350.00,3366.00,3280.00,3366.00
CIT,2014-04-13,3405.00,3390.00,3350.00,3350.00
CIT,2014-04-10,3348.00,3410.00,3360.00,3405.00
CIT,2014-04-09,3323.00,3348.00,3200.00,3348.00
CIT,2014-04-07,3490.00,3450.00,3323.00,3323.00
CIT,2014-04-06,3484.00,3490.00,3490.00,3490.00
CIT,2014-04-03,3480.00,3560.00,3484.00,3484.00
CIT,2014-04-02,3425.00,3490.00,3400.00,3480.00
CIT,2014-04-01,3329.00,3531.00,3300.00,3425.00
CIT,2014-03-31,3140.00,3329.00,3060.00,3329.00
CIT,2014-03-27,3198.00,3190.00,3140.00,3140.00
CIT,2014-03-26,3282.00,3250.00,3198.00,3198.00
CIT,2014-03-25,3333.00,3300.00,3205.00,3282.00
CIT,2014-03-24,3105.00,3350.00,3167.00,3333.00
CIT,2014-03-20,3045.00,3105.00,3045.00,3105.00
CIT,2014-03-19,2949.00,3050.00,2850.00,3045.00
CIT,2014-03-18,2980.00,2999.00,2921.00,2949.00
CIT,2014-03-17,3098.00,3060.00,2980.00,2980.00
CIT,2014-03-13,3225.00,3225.00,3098.00,3098.00
CIT,2014-03-12,3300.00,3290.00,3225.00,3225.00
CIT,2014-03-11,3331.00,3366.00,3300.00,3300.00
CIT,2014-03-10,3462.00,3402.00,3331.00,3331.00
CIT,2014-03-09,3280.00,3532.00,3300.00,3462.00
CIT,2014-03-06,3100.00,3280.00,3162.00,3280.00
CIT,2014-03-05,3020.00,3100.00,2980.00,3100.00
CIT,2014-03-04,3110.00,3050.00,3001.00,3020.00
CIT,2014-03-03,3175.00,3140.00,3058.00,3110.00
CIT,2014-02-26,3312.00,3280.00,3150.00,3175.00
CIT,2014-02-25,3680.00,3607.00,3312.00,3312.00
CIT,2014-02-24,3821.00,4140.00,3680.00,3680.00
CIT,2014-02-23,3474.00,3821.00,3543.00,3821.00
CIT,2014-02-20,3159.00,3474.00,3222.00,3474.00
CIT,2014-02-18,2872.00,3159.00,2900.00,3159.00
CIT,2014-02-17,2611.00,2872.00,2663.00,2872.00
CIT,2014-02-16,2486.00,2611.00,2510.00,2611.00
CIT,2014-02-13,2345.00,2486.00,2370.00,2486.00
CIT,2014-02-12,2240.00,2386.00,2250.00,2345.00
CIT,2014-02-11,2240.00,2284.00,2240.00,2240.00
CIT,2014-02-10,2200.00,2244.00,2240.00,2240.00
CIT,2014-02-09,2223.00,2230.00,2200.00,2200.00
CIT,2014-02-06,2150.00,2223.00,2150.00,2223.00
CIT,2014-02-05,2200.00,2240.00,2150.00,2150.00
CIT,2014-02-03,2200.00,2200.00,2200.00,2200.00
CIT,2014-02-02,2210.00,2200.00,2200.00,2200.00
CIT,2014-01-29,2200.00,2223.00,2180.00,2210.00
CIT,2014-01-28,2204.00,2200.00,2200.00,2200.00
CIT,2014-01-27,2210.00,2220.00,2204.00,2204.00
CIT,2014-01-26,2200.00,2210.00,2160.00,2210.00
CIT,2014-01-23,2200.00,2200.00,2160.00,2200.00
CIT,2014-01-22,2200.00,2200.00,2130.00,2200.00
CIT,2014-01-21,2172.00,2215.00,2200.00,2200.00
CIT,2014-01-20,2130.00,2172.00,2172.00,2172.00
CIT,2014-01-14,2101.00,2130.00,2100.00,2130.00
CIT,2014-01-13,2140.00,2101.00,2101.00,2101.00
CIT,2014-01-12,2101.00,2150.00,2120.00,2140.00
CIT,2014-01-09,2100.00,2140.00,2085.00,2101.00
CIT,2014-01-08,2070.00,2130.00,2100.00,2100.00
CIT,2014-01-07,2101.00,2095.00,2059.00,2070.00
CIT,2014-01-06,2060.00,2101.00,2066.00,2101.00
CIT,2014-01-05,2045.00,2060.00,2045.00,2060.00
CIT,2014-01-01,2075.00,2045.00,2000.00,2045.00
CIT,2013-12-31,2185.00,2150.00,2058.00,2075.00
CIT,2013-12-29,2230.00,2200.00,2143.00,2185.00
CIT,2013-12-26,2300.00,2276.00,2230.00,2230.00
CIT,2013-12-23,2270.00,2320.00,2300.00,2300.00
CIT,2013-12-19,2182.00,2270.00,2181.00,2270.00
CIT,2013-12-18,2050.00,2182.00,2050.00,2182.00
CIT,2013-12-16,2058.00,2050.00,2050.00,2050.00
CIT,2013-12-15,2100.00,2058.00,2058.00,2058.00
CIT,2013-12-12,2119.00,2100.00,2100.00,2100.00
CIT,2013-12-11,2125.00,2120.00,2078.00,2119.00
CIT,2013-12-10,2120.00,2125.00,2078.00,2125.00
CIT,2013-12-09,2135.00,2120.00,2100.00,2120.00
CIT,2013-12-08,2091.00,2159.00,2130.00,2135.00
CIT,2013-12-05,2050.00,2091.00,2050.00,2091.00
CIT,2013-12-04,2035.00,2050.00,2050.00,2050.00
CIT,2013-12-03,2015.00,2040.00,2034.00,2035.00
CIT,2013-12-02,2005.00,2015.00,2000.00,2015.00
CIT,2013-12-01,1994.00,2005.00,1975.00,2005.00
CIT,2013-11-28,2040.00,2000.00,1955.00,1994.00
CIT,2013-11-27,2060.00,2060.00,2040.00,2040.00
CIT,2013-11-26,2100.00,2060.00,2060.00,2060.00
CIT,2013-11-25,2070.00,2100.00,2095.00,2100.00
CIT,2013-11-24,2006.00,2070.00,2010.00,2070.00
CIT,2013-11-21,1929.00,2006.00,1967.00,2006.00
CIT,2013-11-14,1940.00,1950.00,1925.00,1929.00
CIT,2013-11-13,1940.00,1950.00,1915.00,1940.00
CIT,2013-11-12,1902.00,2000.00,1925.00,1940.00
CIT,2013-11-11,1850.00,1902.00,1850.00,1902.00
CIT,2013-11-10,1840.00,1876.00,1850.00,1850.00
CIT,2013-11-07,1836.00,1840.00,1836.00,1840.00
CIT,2013-11-06,1800.00,1836.00,1836.00,1836.00
CIT,2013-10-30,1800.00,1820.00,1800.00,1800.00
CIT,2013-10-29,1820.00,1825.00,1800.00,1800.00
CIT,2013-10-28,1875.00,1850.00,1811.00,1820.00
CIT,2013-10-27,1870.00,1889.00,1852.00,1875.00
CIT,2013-10-24,1900.00,1870.00,1870.00,1870.00
CIT,2013-10-23,1930.00,1900.00,1895.00,1900.00
CIT,2013-10-22,1875.00,1930.00,1874.00,1930.00
CIT,2013-10-21,1768.00,1875.00,1800.00,1875.00
CIT,2013-10-20,1700.00,1768.00,1734.00,1768.00
CIT,2013-10-17,1683.00,1700.00,1700.00,1700.00
CIT,2013-10-10,1650.00,1683.00,1683.00,1683.00
CIT,2013-10-09,1620.00,1650.00,1570.00,1650.00
CIT,2013-10-08,1632.00,1630.00,1620.00,1620.00
CIT,2013-10-07,1600.00,1632.00,1620.00,1632.00
CIT,2013-10-06,1530.00,1653.00,1550.00,1600.00
CIT,2013-10-03,1500.00,1530.00,1530.00,1530.00
CIT,2013-10-02,1500.00,1500.00,1500.00,1500.00
CIT,2013-09-30,1500.00,1500.00,1500.00,1500.00
CIT,2013-09-29,1500.00,1500.00,1500.00,1500.00
CIT,2013-09-26,1482.00,1500.00,1490.00,1500.00
CIT,2013-09-25,1479.00,1500.00,1480.00,1482.00
CIT,2013-09-24,1450.00,1479.00,1445.00,1479.00
CIT,2013-09-23,1465.00,1450.00,1450.00,1450.00
CIT,2013-09-22,1466.00,1465.00,1437.00,1465.00
CIT,2013-09-19,1466.00,1466.00,1466.00,1466.00
CIT,2013-09-17,1468.00,1480.00,1466.00,1466.00
CIT,2013-09-16,1460.00,1468.00,1460.00,1468.00
CIT,2013-09-15,1475.00,1475.00,1460.00,1460.00
CIT,2013-09-12,1469.00,1475.00,1475.00,1475.00
CIT,2013-09-10,1475.00,1470.00,1469.00,1469.00
CIT,2013-09-09,1470.00,1475.00,1470.00,1475.00
CIT,2013-09-08,1490.00,1470.00,1470.00,1470.00
CIT,2013-09-05,1480.00,1490.00,1480.00,1490.00
CIT,2013-09-04,1480.00,1480.00,1475.00,1480.00
CIT,2013-09-03,1470.00,1480.00,1474.00,1480.00
CIT,2013-09-02,1420.00,1500.00,1422.00,1470.00
CIT,2013-09-01,1385.00,1428.00,1400.00,1420.00
CIT,2013-08-27,1370.00,1397.00,1370.00,1385.00
CIT,2013-08-20,1363.00,1370.00,1370.00,1370.00
CIT,2013-08-19,1363.00,1363.00,1330.00,1363.00
CIT,2013-08-13,1390.00,1363.00,1363.00,1363.00
CIT,2013-08-12,1412.00,1395.00,1390.00,1390.00
CIT,2013-08-11,1434.00,1412.00,1385.00,1412.00
CIT,2013-08-08,1435.00,1463.00,1434.00,1434.00
CIT,2013-08-07,1449.00,1477.00,1434.00,1435.00
CIT,2013-08-06,1421.00,1449.00,1400.00,1449.00
CIT,2013-08-05,1450.00,1450.00,1421.00,1421.00
CIT,2013-08-04,1519.00,1490.00,1425.00,1450.00
CIT,2013-08-01,1517.00,1550.00,1519.00,1519.00
CIT,2013-07-31,1460.00,1517.00,1488.00,1517.00
CIT,2013-07-30,1430.00,1460.00,1435.00,1460.00
CIT,2013-07-29,1404.00,1445.00,1410.00,1430.00
CIT,2013-07-28,1305.00,1404.00,1320.00,1404.00
CIT,2013-07-25,1350.00,1350.00,1297.00,1305.00
CIT,2013-07-24,1298.00,1350.00,1275.00,1350.00
CIT,2013-07-23,1180.00,1298.00,1200.00,1298.00
CIT,2013-07-22,1175.00,1180.00,1180.00,1180.00
CIT,2013-07-21,1130.00,1175.00,1152.00,1175.00
CIT,2013-07-18,1115.00,1130.00,1130.00,1130.00
CIT,2013-07-17,1108.00,1115.00,1115.00,1115.00
CIT,2013-07-16,1130.00,1111.00,1108.00,1108.00
CIT,2013-07-15,1147.00,1131.00,1130.00,1130.00
CIT,2013-07-11,1185.00,1180.00,1147.00,1147.00
CIT,2013-07-10,1185.00,1185.00,1185.00,1185.00
CIT,2013-07-09,1165.00,1185.00,1180.00,1185.00
CIT,2013-07-07,1150.00,1180.00,1165.00,1165.00
CIT,2013-07-04,1170.00,1175.00,1150.00,1150.00
CIT,2013-07-03,1161.00,1170.00,1170.00,1170.00
CIT,2013-07-02,1160.00,1161.00,1150.00,1161.00
CIT,2013-07-01,1581.00,1160.00,1160.00,1160.00
CIT,2013-06-27,1555.00,1585.00,1550.00,1581.00
CIT,2013-06-26,1556.00,1594.00,1550.00,1555.00
CIT,2013-06-24,1550.00,1642.00,1556.00,1556.00
CIT,2013-06-23,1535.00,1550.00,1480.00,1550.00
CIT,2013-06-20,1535.00,1540.00,1535.00,1535.00
CIT,2013-06-19,1515.00,1535.00,1500.00,1535.00
CIT,2013-06-18,1568.00,1555.00,1515.00,1515.00
CIT,2013-06-17,1599.00,1568.00,1568.00,1568.00
CIT,2013-06-13,1550.00,1599.00,1545.00,1599.00
CIT,2013-06-12,1515.00,1550.00,1525.00,1550.00
CIT,2013-06-11,1510.00,1515.00,1500.00,1515.00
CIT,2013-06-10,1505.00,1510.00,1510.00,1510.00
CIT,2013-06-09,1490.00,1505.00,1481.00,1505.00
CIT,2013-06-06,1471.00,1500.00,1450.00,1490.00
CIT,2013-06-05,1540.00,1510.00,1471.00,1471.00
CIT,2013-06-04,1540.00,1569.00,1540.00,1540.00
CIT,2013-06-03,1560.00,1540.00,1540.00,1540.00
CIT,2013-06-02,1575.00,1560.00,1544.00,1560.00
CIT,2013-05-30,1590.00,1610.00,1575.00,1575.00
CIT,2013-05-28,1500.00,1590.00,1528.00,1590.00
CIT,2013-05-27,1460.00,1500.00,1460.00,1500.00
CIT,2013-05-26,1428.00,1460.00,1428.00,1460.00
CIT,2013-05-23,1415.00,1428.00,1400.00,1428.00
CIT,2013-05-22,1380.00,1415.00,1407.00,1415.00
CIT,2013-05-21,1366.00,1400.00,1375.00,1380.00
CIT,2013-05-20,1330.00,1366.00,1356.00,1366.00
CIT,2013-05-19,1304.00,1330.00,1330.00,1330.00
CIT,2013-05-16,1326.00,1325.00,1300.00,1304.00
CIT,2013-05-15,1328.00,1345.00,1321.00,1326.00
CIT,2013-05-14,1302.00,1328.00,1302.00,1328.00
CIT,2013-05-13,1295.00,1302.00,1300.00,1302.00
CIT,2013-05-12,1295.00,1295.00,1295.00,1295.00
CIT,2013-05-09,1300.00,1295.00,1295.00,1295.00
CIT,2013-05-08,1300.00,1300.00,1300.00,1300.00
CIT,2013-05-06,1300.00,1302.00,1300.00,1300.00
CIT,2013-05-05,1300.00,1326.00,1300.00,1300.00
CIT,2013-05-02,1323.00,1315.00,1300.00,1300.00
CIT,2013-04-30,1350.00,1325.00,1323.00,1323.00
CIT,2013-04-29,1370.00,1350.00,1343.00,1350.00
CIT,2013-04-28,1400.00,1390.00,1370.00,1370.00
CIT,2013-04-22,1421.00,1400.00,1400.00,1400.00
CIT,2013-04-18,1450.00,1421.00,1421.00,1421.00
CIT,2013-04-15,1430.00,1450.00,1430.00,1450.00
CIT,2013-04-11,1438.00,1445.00,1430.00,1430.00
CIT,2013-04-09,1430.00,1440.00,1438.00,1438.00
CIT,2013-04-08,1433.00,1440.00,1430.00,1430.00
CIT,2013-04-07,1414.00,1442.00,1414.00,1433.00
CIT,2013-04-04,1400.00,1414.00,1400.00,1414.00
CIT,2013-04-03,1410.00,1414.00,1376.00,1400.00
CIT,2013-04-02,1420.00,1410.00,1410.00,1410.00
CIT,2013-04-01,1421.00,1420.00,1420.00,1420.00
CIT,2013-03-31,1415.00,1430.00,1419.00,1421.00
CIT,2013-03-28,1415.00,1425.00,1415.00,1415.00
CIT,2013-03-27,1410.00,1430.00,1386.00,1415.00
CIT,2013-03-25,1399.00,1410.00,1377.00,1410.00
CIT,2013-03-24,1375.00,1399.00,1399.00,1399.00
CIT,2013-03-21,1384.00,1375.00,1375.00,1375.00
CIT,2013-03-18,1440.00,1440.00,1412.00,1412.00
CIT,2013-03-17,1440.00,1445.00,1420.00,1440.00
CIT,2013-03-14,1415.00,1446.00,1440.00,1440.00
CIT,2013-03-13,1404.00,1432.00,1404.00,1415.00
CIT,2013-03-11,1377.00,1404.00,1404.00,1404.00
CIT,2013-03-07,1405.00,1377.00,1377.00,1377.00
CIT,2013-03-06,1395.00,1405.00,1405.00,1405.00
CIT,2013-03-04,1400.00,1400.00,1395.00,1395.00
CIT,2013-02-28,1394.00,1400.00,1394.00,1400.00
CIT,2013-02-27,1400.00,1399.00,1394.00,1394.00
CIT,2013-02-25,1401.00,1400.00,1400.00,1400.00
CIT,2013-02-24,1426.00,1401.00,1390.00,1401.00
CIT,2013-02-20,1472.00,1459.00,1426.00,1426.00
CIT,2013-02-19,1417.00,1502.00,1445.00,1472.00
CIT,2013-02-17,1390.00,1417.00,1417.00,1417.00
CIT,2013-02-14,1407.00,1390.00,1390.00,1390.00
CIT,2013-02-13,1350.00,1409.00,1350.00,1407.00
CIT,2013-02-12,1320.00,1350.00,1320.00,1350.00
CIT,2013-02-10,1300.00,1320.00,1300.00,1320.00
CIT,2013-02-06,1315.00,1300.00,1300.00,1300.00
CIT,2013-02-05,1332.00,1340.00,1315.00,1315.00
CIT,2013-02-04,1332.00,1340.00,1332.00,1332.00
CIT,2013-02-03,1315.00,1332.00,1306.00,1332.00
CIT,2013-01-31,1306.00,1315.00,1300.00,1315.00
CIT,2013-01-30,1340.00,1328.00,1303.00,1306.00
CIT,2013-01-28,1448.00,1420.00,1322.00,1340.00
CIT,2013-01-27,1449.00,1477.00,1448.00,1448.00
CIT,2013-01-24,1449.00,1449.00,1449.00,1449.00
CIT,2013-01-23,1433.00,1461.00,1449.00,1449.00
CIT,2013-01-22,1382.00,1433.00,1405.00,1433.00
CIT,2013-01-21,1410.00,1382.00,1382.00,1382.00
CIT,2013-01-17,1440.00,1417.00,1380.00,1410.00
CIT,2013-01-16,1442.00,1442.00,1315.00,1440.00
CIT,2013-01-15,1602.00,1570.00,1442.00,1442.00
CIT,2013-01-13,1667.00,1634.00,1602.00,1602.00
CIT,2013-01-09,1635.00,1667.00,1667.00,1667.00
CIT,2013-01-08,1661.00,1636.00,1635.00,1635.00
CIT,2013-01-07,1535.00,1688.00,1560.00,1661.00
CIT,2013-01-03,1414.00,1455.00,1430.00,1446.00
CIT,2013-01-02,1400.00,1420.00,1392.00,1414.00
CIT,2013-01-01,1451.00,1426.00,1400.00,1400.00
CIT,2012-12-31,1440.00,1480.00,1451.00,1451.00
CIT,2012-12-27,1428.00,1440.00,1400.00,1440.00
CIT,2012-12-26,1305.00,1428.00,1331.00,1428.00
CIT,2012-12-23,1258.00,1305.00,1280.00,1305.00
CIT,2012-12-20,1144.00,1258.00,1166.00,1258.00
CIT,2012-12-19,1040.00,1144.00,1060.00,1144.00
CIT,2012-12-17,1000.00,1080.00,1020.00,1040.00
CIT,2012-12-16,1000.00,1000.00,1000.00,1000.00
CIT,2012-12-13,980.00,1000.00,1000.00,1000.00
CIT,2012-12-12,990.00,1010.00,990.00,990.00
CIT,2012-11-29,1020.00,1003.00,980.00,980.00
CIT,2012-11-28,1003.00,1020.00,1020.00,1020.00
CIT,2012-11-22,1003.00,1003.00,1003.00,1003.00
CIT,2012-11-21,1003.00,1023.00,1003.00,1003.00
CIT,2012-11-20,985.00,1003.00,1003.00,1003.00
CIT,2012-11-12,980.00,1004.00,985.00,985.00
CIT,2012-11-07,940.00,980.00,958.00,980.00
CIT,2012-11-05,910.00,940.00,928.00,940.00
CIT,2012-11-04,918.00,918.00,910.00,910.00
CIT,2012-11-01,915.00,918.00,900.00,918.00
CIT,2012-10-31,887.00,915.00,899.00,915.00
CIT,2012-10-30,880.00,887.00,870.00,887.00
CIT,2012-10-18,880.00,880.00,880.00,880.00
CIT,2012-10-10,863.00,880.00,865.00,880.00
CIT,2012-10-09,870.00,880.00,863.00,863.00
CIT,2012-10-08,837.00,870.00,840.00,870.00
CIT,2012-10-07,804.00,837.00,820.00,837.00
CIT,2012-10-04,820.00,804.00,804.00,804.00
CIT,2012-10-03,853.00,836.00,820.00,820.00
CIT,2012-10-02,870.00,853.00,853.00,853.00
CIT,2012-09-30,885.00,885.00,870.00,870.00
CIT,2012-09-26,900.00,885.00,882.00,885.00
CIT,2012-09-25,880.00,913.00,897.00,900.00
CIT,2012-09-24,851.00,897.00,855.00,880.00
CIT,2012-09-23,789.00,851.00,804.00,851.00
CIT,2012-09-20,774.00,789.00,789.00,789.00
CIT,2012-09-19,759.00,774.00,759.00,774.00
CIT,2012-09-13,745.00,759.00,759.00,759.00
CIT,2012-09-12,703.00,745.00,717.00,745.00
CIT,2012-09-11,677.00,703.00,690.00,703.00
CIT,2012-09-10,627.00,677.00,639.00,677.00
CIT,2012-09-09,615.00,627.00,627.00,627.00
CIT,2012-08-27,603.00,615.00,615.00,615.00
CIT,2012-08-23,592.00,603.00,603.00,603.00
CIT,2012-07-30,581.00,592.00,592.00,592.00
CIT,2012-07-25,570.00,581.00,581.00,581.00
CIT,2012-07-18,566.00,570.00,570.00,570.00
CIT,2012-07-12,566.00,577.00,566.00,566.00
CIT,2012-07-11,555.00,566.00,566.00,566.00
CIT,2012-07-09,587.00,576.00,555.00,555.00
CIT,2012-07-08,576.00,587.00,587.00,587.00
CIT,2012-07-05,560.00,576.00,555.00,576.00
CIT,2012-07-04,756.00,560.00,560.00,560.00
CIT,2012-06-20,691.00,756.00,704.00,756.00
CIT,2012-06-19,691.00,691.00,691.00,691.00
CIT,2012-06-18,678.00,691.00,691.00,691.00
CIT,2012-06-17,640.00,678.00,652.00,678.00
CIT,2012-06-13,630.00,640.00,630.00,640.00
CIT,2012-06-12,620.00,630.00,620.00,630.00
CIT,2012-06-11,618.00,620.00,620.00,620.00
CIT,2012-06-06,630.00,618.00,618.00,618.00
CIT,2012-06-05,623.00,635.00,620.00,630.00
CIT,2012-06-04,630.00,625.00,620.00,623.00
CIT,2012-05-30,639.00,630.00,630.00,630.00
CIT,2012-05-24,627.00,639.00,639.00,639.00
CIT,2012-05-22,627.00,627.00,627.00,627.00
CIT,2012-05-21,615.00,627.00,615.00,627.00
CIT,2012-05-10,603.00,615.00,615.00,615.00
CIT,2012-05-09,592.00,603.00,603.00,603.00
CIT,2012-05-08,590.00,592.00,591.00,592.00
CIT,2012-05-02,600.00,591.00,590.00,590.00
CIT,2012-04-12,593.00,600.00,600.00,600.00
CIT,2012-04-09,604.00,593.00,593.00,593.00
CIT,2012-04-05,616.00,604.00,604.00,604.00
CIT,2012-04-02,628.00,616.00,616.00,616.00
CIT,2012-04-01,640.00,628.00,628.00,628.00
CIT,2012-03-29,670.00,657.00,632.00,640.00
CIT,2012-03-25,675.00,680.00,670.00,670.00
CIT,2012-03-21,677.00,675.00,670.00,675.00
CIT,2012-03-20,682.00,682.00,670.00,677.00
CIT,2012-03-15,675.00,682.00,682.00,682.00
CIT,2012-03-11,675.00,675.00,675.00,675.00
CIT,2012-03-06,670.00,675.00,675.00,675.00
CIT,2012-03-04,669.00,670.00,670.00,670.00
CIT,2012-02-28,644.00,669.00,656.00,669.00
CIT,2012-02-26,620.00,644.00,632.00,644.00
CIT,2012-02-23,610.00,620.00,620.00,620.00
CIT,2012-02-21,596.00,610.00,607.00,610.00
CIT,2012-02-15,563.00,596.00,574.00,596.00
CIT,2012-02-12,574.00,563.00,563.00,563.00
CIT,2012-02-01,574.00,574.00,574.00,574.00
CIT,2012-01-31,563.00,574.00,563.00,574.00
CIT,2012-01-29,563.00,563.00,563.00,563.00
CIT,2012-01-26,552.00,563.00,563.00,563.00
CIT,2012-01-23,532.00,562.00,541.00,552.00
CIT,2012-01-10,517.00,532.00,522.00,532.00
CIT,2012-01-09,507.00,517.00,517.00,517.00
CIT,2012-01-08,489.00,517.00,498.00,507.00
CIT,2012-01-01,498.00,489.00,489.00,489.00
CIT,2011-12-27,489.00,498.00,498.00,498.00
CIT,2011-12-14,480.00,489.00,489.00,489.00
CIT,2011-12-13,450.00,480.00,459.00,480.00
CIT,2011-11-16,455.00,450.00,450.00,450.00
CIT,2011-11-15,453.00,455.00,451.00,455.00
CIT,2011-10-31,445.00,453.00,453.00,453.00
CIT,2011-10-23,451.00,445.00,445.00,445.00
CIT,2011-10-17,450.00,451.00,451.00,451.00
CIT,2011-10-16,446.00,450.00,450.00,450.00
CIT,2011-09-15,448.00,446.00,446.00,446.00
CIT,2011-09-13,440.00,448.00,448.00,448.00
CIT,2011-08-11,432.00,440.00,440.00,440.00
CIT,2011-08-10,437.00,440.00,432.00,432.00
CIT,2011-08-07,429.00,437.00,437.00,437.00
CIT,2011-08-03,421.00,429.00,429.00,429.00
CIT,2011-07-27,413.00,421.00,421.00,421.00
CIT,2011-07-20,405.00,413.00,413.00,413.00
CIT,2011-07-07,528.00,405.00,405.00,405.00
CIT,2011-06-16,564.00,553.00,508.00,528.00
CIT,2011-06-15,594.00,583.00,564.00,564.00
CIT,2011-06-14,660.00,647.00,594.00,594.00
CIT,2011-06-05,688.00,689.00,660.00,660.00
CIT,2011-06-02,686.00,688.00,688.00,688.00
CIT,2011-06-01,675.00,686.00,685.00,686.00
CIT,2011-05-26,719.00,705.00,675.00,675.00
CIT,2011-05-25,685.00,719.00,719.00,719.00
CIT,2011-05-23,697.00,685.00,684.00,685.00
CIT,2011-05-22,700.00,697.00,685.00,697.00
CIT,2011-05-19,702.00,700.00,690.00,700.00
CIT,2011-05-18,671.00,704.00,687.00,702.00
CIT,2011-05-16,646.00,671.00,658.00,671.00
CIT,2011-05-12,634.00,646.00,646.00,646.00
CIT,2011-05-11,632.00,634.00,634.00,634.00
CIT,2011-05-10,632.00,632.00,632.00,632.00
CIT,2011-05-04,620.00,632.00,632.00,632.00
CIT,2011-05-02,588.00,620.00,599.00,620.00
CIT,2011-04-28,587.00,598.00,588.00,588.00
CIT,2011-04-27,587.00,587.00,587.00,587.00
CIT,2011-04-20,598.00,587.00,587.00,587.00
CIT,2011-04-17,587.00,598.00,598.00,598.00
CIT,2011-04-06,576.00,587.00,587.00,587.00
CIT,2011-03-13,576.00,576.00,576.00,576.00
CIT,2011-03-09,575.00,576.00,576.00,576.00
CIT,2011-03-07,564.00,575.00,575.00,575.00
CIT,2011-02-27,553.00,564.00,564.00,564.00
CIT,2011-02-21,564.00,553.00,553.00,553.00
CIT,2011-02-10,564.00,564.00,564.00,564.00
CIT,2011-02-08,564.00,564.00,564.00,564.00
CIT,2011-01-03,575.00,564.00,564.00,564.00
CIT,2010-12-27,575.00,575.00,575.00,575.00
CIT,2010-12-08,575.00,575.00,575.00,575.00
CIT,2010-12-07,584.00,575.00,575.00,575.00
CIT,2010-11-30,572.00,584.00,583.00,584.00
CIT,2010-10-06,572.00,572.00,572.00,572.00
CIT,2010-09-30,571.00,572.00,571.00,572.00
CIT,2010-09-28,561.00,571.00,560.00,571.00
CIT,2010-08-16,540.00,561.00,550.00,561.00
CIT,2010-08-12,530.00,540.00,540.00,540.00
CIT,2010-08-05,530.00,530.00,530.00,530.00
CIT,2010-07-13,530.00,530.00,530.00,530.00
CIT,2010-07-12,530.00,530.00,530.00,530.00
CIT,2010-07-11,536.00,530.00,530.00,530.00
CIT,2010-06-30,657.00,536.00,536.00,536.00
CIT,2010-06-15,654.00,657.00,645.00,657.00
CIT,2010-06-13,642.00,654.00,654.00,654.00
CIT,2010-06-10,642.00,642.00,642.00,642.00
CIT,2010-06-09,642.00,642.00,642.00,642.00
CIT,2010-05-26,630.00,642.00,642.00,642.00
CIT,2010-05-16,640.00,630.00,630.00,630.00
CIT,2010-05-10,632.00,640.00,640.00,640.00
CIT,2010-05-09,642.00,632.00,632.00,632.00
CIT,2010-04-29,650.00,642.00,642.00,642.00
CIT,2010-04-28,655.00,650.00,650.00,650.00
CIT,2010-04-26,722.00,708.00,655.00,655.00
CIT,2010-04-22,736.00,722.00,722.00,722.00
CIT,2010-04-21,751.00,736.00,736.00,736.00
CIT,2010-04-20,760.00,751.00,750.00,751.00
